vite v7.3.7 building client environment for production...
<script src="../assets/a53ee07344cf32a6.js"> in "/project-goals/index.html" can't be bundled without type="module" attribute
<script src="../assets/99639afb6ee03f04.js"> in "/project-goals/index.html" can't be bundled without type="module" attribute
<script src="../assets/ca880558cce5dc88.js"> in "/project-goals/index.html" can't be bundled without type="module" attribute
<script src="../assets/55469b3c631d4d32.js"> in "/project-goals/index.html" can't be bundled without type="module" attribute
<script src="../assets/2e02f5f91f6b8e64.js"> in "/project-goals/index.html" can't be bundled without type="module" attribute
<script src="../assets/bcad9300fedd7db2.js"> in "/project-goals/index.html" can't be bundled without type="module" attribute
<script src="../assets/bf82fd90270837d3.js"> in "/project-goals/index.html" can't be bundled without type="module" attribute
<script src="../assets/bad4a29eb3124cf5.js"> in "/project-goals/index.html" can't be bundled without type="module" attribute
<script src="../assets/0365a5635b8e7559.js"> in "/project-goals/index.html" can't be bundled without type="module" attribute
<script src="../assets/d60915f0ef1e21b9.js"> in "/project-goals/index.html" can't be bundled without type="module" attribute
<script src="../assets/9d54adfc59f57bea.js"> in "/project-goals/index.html" can't be bundled without type="module" attribute
<script src="../assets/83f9f45d6ede8aaa.js"> in "/project-goals/index.html" can't be bundled without type="module" attribute
<script src="../assets/1703e583ae363da8.js"> in "/project-goals/index.html" can't be bundled without type="module" attribute
<script src="../assets/50e89fe36d98ff31.js"> in "/project-goals/index.html" can't be bundled without type="module" attribute
<script src="../assets/92d05634f55f0be5.js"> in "/project-goals/index.html" can't be bundled without type="module" attribute
<script src="../assets/5b11bba72b1a1f92.js"> in "/project-goals/index.html" can't be bundled without type="module" attribute
<script src="../assets/64eb21a4171d81f7.js"> in "/project-goals/index.html" can't be bundled without type="module" attribute
<script src="../assets/505d47d3a687c3cc.js"> in "/project-goals/index.html" can't be bundled without type="module" attribute
<script src="../assets/5397b0395be1dae8.js"> in "/project-goals/index.html" can't be bundled without type="module" attribute
<script src="../assets/766e87542957a702.js"> in "/project-goals/index.html" can't be bundled without type="module" attribute
<script src="../assets/ed53365e72647420.js"> in "/project-goals/index.html" can't be bundled without type="module" attribute
<script src="../assets/fd280861f0753328.js"> in "/project-goals/index.html" can't be bundled without type="module" attribute
<script src="../assets/182b9cb972fc25c9.js"> in "/project-goals/index.html" can't be bundled without type="module" attribute
<script src="../assets/d7b10a830601fe42.js"> in "/project-goals/index.html" can't be bundled without type="module" attribute
<script src="../assets/a086fd127e60d729.js"> in "/project-goals/index.html" can't be bundled without type="module" attribute
<script src="../assets/c45b5057d0e78c09.js"> in "/project-goals/index.html" can't be bundled without type="module" attribute
<script src="../assets/a798b8518a1e5aab.js"> in "/project-goals/index.html" can't be bundled without type="module" attribute
<script src="../assets/4344ce7b709a4ceb.js"> in "/project-goals/index.html" can't be bundled without type="module" attribute
<script src="../assets/2df357f58fa1fdf7.js"> in "/project-goals/index.html" can't be bundled without type="module" attribute
<script src="../assets/ae42e6aec6acf2ed.js"> in "/project-goals/index.html" can't be bundled without type="module" attribute
<script src="../assets/e19240cb400f9e4d.js"> in "/project-goals/index.html" can't be bundled without type="module" attribute
<script src="../assets/07820aad36baaa61.js"> in "/project-goals/index.html" can't be bundled without type="module" attribute
<script src="../assets/57440b8dfd57447b.js"> in "/project-goals/index.html" can't be bundled without type="module" attribute
<script src="../assets/5a64d3dd8e996bbf.js"> in "/project-goals/index.html" can't be bundled without type="module" attribute
<script src="../assets/4a639e556d40b181.js"> in "/project-goals/index.html" can't be bundled without type="module" attribute
<script src="../assets/c2389a477fc0a023.js"> in "/project-goals/index.html" can't be bundled without type="module" attribute
<script src="../assets/0686e4c80cb5fee2.js"> in "/project-goals/index.html" can't be bundled without type="module" attribute
<script src="../assets/9a4c508abbd64ae0.js"> in "/project-goals/index.html" can't be bundled without type="module" attribute
<script src="../assets/eb65e0e4eb5fab41.js"> in "/project-goals/index.html" can't be bundled without type="module" attribute
<script src="../assets/f530cb4d303e024a.js"> in "/project-goals/index.html" can't be bundled without type="module" attribute
<script src="../assets/850c215a17fff2d1.js"> in "/project-goals/index.html" can't be bundled without type="module" attribute
<script src="../assets/86bd654fa1c4efc3.js"> in "/project-goals/index.html" can't be bundled without type="module" attribute
<script src="../assets/8a798fb721748958.js"> in "/project-goals/index.html" can't be bundled without type="module" attribute
<script src="../assets/9a564e01842af8d2.js"> in "/project-goals/index.html" can't be bundled without type="module" attribute
<script src="../assets/ee06f0700c9d7a42.js"> in "/project-goals/index.html" can't be bundled without type="module" attribute
<script src="../assets/7e3de736123435c2.js"> in "/project-goals/index.html" can't be bundled without type="module" attribute
<script src="../assets/5874937afb3bc70d.js"> in "/project-goals/index.html" can't be bundled without type="module" attribute
<script src="../assets/da6631c82f7fad03.js"> in "/project-goals/index.html" can't be bundled without type="module" attribute
<script src="../assets/9bb8c96855dec7ac.js"> in "/project-goals/index.html" can't be bundled without type="module" attribute
<script src="../assets/6a8736b1b7962078.js"> in "/project-goals/index.html" can't be bundled without type="module" attribute
<script src="../assets/3dd20d64a066cb60.js"> in "/project-goals/index.html" can't be bundled without type="module" attribute
<script src="../assets/e739291c7c90e9b9.js"> in "/project-goals/index.html" can't be bundled without type="module" attribute
<script src="../assets/c7ee91929432219e.js"> in "/project-goals/index.html" can't be bundled without type="module" attribute
<script src="../assets/937b6423a8e5fa4c.js"> in "/project-goals/index.html" can't be bundled without type="module" attribute
<script src="../assets/690fefe3bb7bcec1.js"> in "/project-goals/index.html" can't be bundled without type="module" attribute
<script src="../assets/c904812592b57d77.js"> in "/project-goals/index.html" can't be bundled without type="module" attribute
<script src="../assets/2cce7a8dc6688c63.js"> in "/project-goals/index.html" can't be bundled without type="module" attribute
<script src="../assets/24d6174a8a42b77a.js"> in "/project-goals/index.html" can't be bundled without type="module" attribute
<script src="../assets/e059c380a161e2c6.js"> in "/project-goals/index.html" can't be bundled without type="module" attribute
<script src="../assets/bb97ca172ad2b90c.js"> in "/project-goals/index.html" can't be bundled without type="module" attribute
<script src="../assets/dd5212372d7a80d8.js"> in "/project-goals/index.html" can't be bundled without type="module" attribute
<script src="../assets/2b17e216cf958765.js"> in "/project-goals/index.html" can't be bundled without type="module" attribute
<script src="./assets/a53ee07344cf32a6.js"> in "/index.html" can't be bundled without type="module" attribute
<script src="./assets/99639afb6ee03f04.js"> in "/index.html" can't be bundled without type="module" attribute
<script src="./assets/6fd95f5e9865c394.js"> in "/index.html" can't be bundled without type="module" attribute
<script src="./assets/e625991a90494f48.js"> in "/index.html" can't be bundled without type="module" attribute
<script src="./assets/8702e570d63befbc.js"> in "/index.html" can't be bundled without type="module" attribute
<script src="./assets/ca880558cce5dc88.js"> in "/index.html" can't be bundled without type="module" attribute
<script src="./assets/55469b3c631d4d32.js"> in "/index.html" can't be bundled without type="module" attribute
<script src="./assets/2e02f5f91f6b8e64.js"> in "/index.html" can't be bundled without type="module" attribute
<script src="./assets/bcad9300fedd7db2.js"> in "/index.html" can't be bundled without type="module" attribute
<script src="./assets/bf82fd90270837d3.js"> in "/index.html" can't be bundled without type="module" attribute
<script src="./assets/bad4a29eb3124cf5.js"> in "/index.html" can't be bundled without type="module" attribute
<script src="./assets/0365a5635b8e7559.js"> in "/index.html" can't be bundled without type="module" attribute
<script src="./assets/d60915f0ef1e21b9.js"> in "/index.html" can't be bundled without type="module" attribute
<script src="./assets/9d54adfc59f57bea.js"> in "/index.html" can't be bundled without type="module" attribute
<script src="./assets/83f9f45d6ede8aaa.js"> in "/index.html" can't be bundled without type="module" attribute
<script src="./assets/1703e583ae363da8.js"> in "/index.html" can't be bundled without type="module" attribute
<script src="./assets/50e89fe36d98ff31.js"> in "/index.html" can't be bundled without type="module" attribute
<script src="./assets/92d05634f55f0be5.js"> in "/index.html" can't be bundled without type="module" attribute
<script src="./assets/5b11bba72b1a1f92.js"> in "/index.html" can't be bundled without type="module" attribute
<script src="./assets/64eb21a4171d81f7.js"> in "/index.html" can't be bundled without type="module" attribute
<script src="./assets/505d47d3a687c3cc.js"> in "/index.html" can't be bundled without type="module" attribute
<script src="./assets/5397b0395be1dae8.js"> in "/index.html" can't be bundled without type="module" attribute
<script src="./assets/766e87542957a702.js"> in "/index.html" can't be bundled without type="module" attribute
<script src="./assets/ed53365e72647420.js"> in "/index.html" can't be bundled without type="module" attribute
<script src="./assets/fd280861f0753328.js"> in "/index.html" can't be bundled without type="module" attribute
<script src="./assets/182b9cb972fc25c9.js"> in "/index.html" can't be bundled without type="module" attribute
<script src="./assets/d7b10a830601fe42.js"> in "/index.html" can't be bundled without type="module" attribute
<script src="./assets/a086fd127e60d729.js"> in "/index.html" can't be bundled without type="module" attribute
<script src="./assets/c45b5057d0e78c09.js"> in "/index.html" can't be bundled without type="module" attribute
<script src="./assets/a798b8518a1e5aab.js"> in "/index.html" can't be bundled without type="module" attribute
<script src="./assets/f0631b9fa7810019.js"> in "/index.html" can't be bundled without type="module" attribute
<script src="./assets/2df357f58fa1fdf7.js"> in "/index.html" can't be bundled without type="module" attribute
<script src="./assets/ae42e6aec6acf2ed.js"> in "/index.html" can't be bundled without type="module" attribute
<script src="./assets/e19240cb400f9e4d.js"> in "/index.html" can't be bundled without type="module" attribute
<script src="./assets/07820aad36baaa61.js"> in "/index.html" can't be bundled without type="module" attribute
<script src="./assets/57440b8dfd57447b.js"> in "/index.html" can't be bundled without type="module" attribute
<script src="./assets/5a64d3dd8e996bbf.js"> in "/index.html" can't be bundled without type="module" attribute
<script src="./assets/4a639e556d40b181.js"> in "/index.html" can't be bundled without type="module" attribute
<script src="./assets/c2389a477fc0a023.js"> in "/index.html" can't be bundled without type="module" attribute
<script src="./assets/0686e4c80cb5fee2.js"> in "/index.html" can't be bundled without type="module" attribute
<script src="./assets/9a4c508abbd64ae0.js"> in "/index.html" can't be bundled without type="module" attribute
<script src="./assets/eb65e0e4eb5fab41.js"> in "/index.html" can't be bundled without type="module" attribute
<script src="./assets/f530cb4d303e024a.js"> in "/index.html" can't be bundled without type="module" attribute
<script src="./assets/850c215a17fff2d1.js"> in "/index.html" can't be bundled without type="module" attribute
<script src="./assets/86bd654fa1c4efc3.js"> in "/index.html" can't be bundled without type="module" attribute
<script src="./assets/e6ee83244c7a348c.js"> in "/index.html" can't be bundled without type="module" attribute
<script src="./assets/fa88c85110cc6297.js"> in "/index.html" can't be bundled without type="module" attribute
<script src="./assets/8a798fb721748958.js"> in "/index.html" can't be bundled without type="module" attribute
<script src="./assets/9a564e01842af8d2.js"> in "/index.html" can't be bundled without type="module" attribute
<script src="./assets/ee06f0700c9d7a42.js"> in "/index.html" can't be bundled without type="module" attribute
<script src="./assets/7e3de736123435c2.js"> in "/index.html" can't be bundled without type="module" attribute
<script src="./assets/5874937afb3bc70d.js"> in "/index.html" can't be bundled without type="module" attribute
<script src="./assets/da6631c82f7fad03.js"> in "/index.html" can't be bundled without type="module" attribute
<script src="./assets/156d7dd754dcb727.js"> in "/index.html" can't be bundled without type="module" attribute
<script src="./assets/90d0d61ef2925906.js"> in "/index.html" can't be bundled without type="module" attribute
<script src="./assets/9bb8c96855dec7ac.js"> in "/index.html" can't be bundled without type="module" attribute
<script src="./assets/6a8736b1b7962078.js"> in "/index.html" can't be bundled without type="module" attribute
<script src="./assets/3dd20d64a066cb60.js"> in "/index.html" can't be bundled without type="module" attribute
<script src="./assets/e739291c7c90e9b9.js"> in "/index.html" can't be bundled without type="module" attribute
<script src="./assets/c7ee91929432219e.js"> in "/index.html" can't be bundled without type="module" attribute
<script src="./assets/937b6423a8e5fa4c.js"> in "/index.html" can't be bundled without type="module" attribute
<script src="./assets/690fefe3bb7bcec1.js"> in "/index.html" can't be bundled without type="module" attribute
<script src="./assets/c904812592b57d77.js"> in "/index.html" can't be bundled without type="module" attribute
<script src="./assets/2cce7a8dc6688c63.js"> in "/index.html" can't be bundled without type="module" attribute
<script src="./assets/24d6174a8a42b77a.js"> in "/index.html" can't be bundled without type="module" attribute
<script src="./assets/e059c380a161e2c6.js"> in "/index.html" can't be bundled without type="module" attribute
<script src="./assets/bb97ca172ad2b90c.js"> in "/index.html" can't be bundled without type="module" attribute
<script src="./assets/dd5212372d7a80d8.js"> in "/index.html" can't be bundled without type="module" attribute
<script src="./assets/2b17e216cf958765.js"> in "/index.html" can't be bundled without type="module" attribute
<script src="../assets/a53ee07344cf32a6.js"> in "/whitepaper/index.html" can't be bundled without type="module" attribute
<script src="../assets/99639afb6ee03f04.js"> in "/whitepaper/index.html" can't be bundled without type="module" attribute
<script src="../assets/ca880558cce5dc88.js"> in "/whitepaper/index.html" can't be bundled without type="module" attribute
<script src="../assets/55469b3c631d4d32.js"> in "/whitepaper/index.html" can't be bundled without type="module" attribute
<script src="../assets/2e02f5f91f6b8e64.js"> in "/whitepaper/index.html" can't be bundled without type="module" attribute
<script src="../assets/bcad9300fedd7db2.js"> in "/whitepaper/index.html" can't be bundled without type="module" attribute
<script src="../assets/bf82fd90270837d3.js"> in "/whitepaper/index.html" can't be bundled without type="module" attribute
<script src="../assets/bad4a29eb3124cf5.js"> in "/whitepaper/index.html" can't be bundled without type="module" attribute
<script src="../assets/0365a5635b8e7559.js"> in "/whitepaper/index.html" can't be bundled without type="module" attribute
<script src="../assets/d60915f0ef1e21b9.js"> in "/whitepaper/index.html" can't be bundled without type="module" attribute
<script src="../assets/9d54adfc59f57bea.js"> in "/whitepaper/index.html" can't be bundled without type="module" attribute
<script src="../assets/83f9f45d6ede8aaa.js"> in "/whitepaper/index.html" can't be bundled without type="module" attribute
<script src="../assets/1703e583ae363da8.js"> in "/whitepaper/index.html" can't be bundled without type="module" attribute
<script src="../assets/50e89fe36d98ff31.js"> in "/whitepaper/index.html" can't be bundled without type="module" attribute
<script src="../assets/92d05634f55f0be5.js"> in "/whitepaper/index.html" can't be bundled without type="module" attribute
<script src="../assets/5b11bba72b1a1f92.js"> in "/whitepaper/index.html" can't be bundled without type="module" attribute
<script src="../assets/64eb21a4171d81f7.js"> in "/whitepaper/index.html" can't be bundled without type="module" attribute
<script src="../assets/505d47d3a687c3cc.js"> in "/whitepaper/index.html" can't be bundled without type="module" attribute
<script src="../assets/5397b0395be1dae8.js"> in "/whitepaper/index.html" can't be bundled without type="module" attribute
<script src="../assets/766e87542957a702.js"> in "/whitepaper/index.html" can't be bundled without type="module" attribute
<script src="../assets/ed53365e72647420.js"> in "/whitepaper/index.html" can't be bundled without type="module" attribute
<script src="../assets/fd280861f0753328.js"> in "/whitepaper/index.html" can't be bundled without type="module" attribute
<script src="../assets/182b9cb972fc25c9.js"> in "/whitepaper/index.html" can't be bundled without type="module" attribute
<script src="../assets/d7b10a830601fe42.js"> in "/whitepaper/index.html" can't be bundled without type="module" attribute
<script src="../assets/a086fd127e60d729.js"> in "/whitepaper/index.html" can't be bundled without type="module" attribute
<script src="../assets/c45b5057d0e78c09.js"> in "/whitepaper/index.html" can't be bundled without type="module" attribute
<script src="../assets/a798b8518a1e5aab.js"> in "/whitepaper/index.html" can't be bundled without type="module" attribute
<script src="../assets/2df357f58fa1fdf7.js"> in "/whitepaper/index.html" can't be bundled without type="module" attribute
<script src="../assets/ae42e6aec6acf2ed.js"> in "/whitepaper/index.html" can't be bundled without type="module" attribute
<script src="../assets/e19240cb400f9e4d.js"> in "/whitepaper/index.html" can't be bundled without type="module" attribute
<script src="../assets/07820aad36baaa61.js"> in "/whitepaper/index.html" can't be bundled without type="module" attribute
<script src="../assets/57440b8dfd57447b.js"> in "/whitepaper/index.html" can't be bundled without type="module" attribute
<script src="../assets/5a64d3dd8e996bbf.js"> in "/whitepaper/index.html" can't be bundled without type="module" attribute
<script src="../assets/4a639e556d40b181.js"> in "/whitepaper/index.html" can't be bundled without type="module" attribute
<script src="../assets/c2389a477fc0a023.js"> in "/whitepaper/index.html" can't be bundled without type="module" attribute
<script src="../assets/0686e4c80cb5fee2.js"> in "/whitepaper/index.html" can't be bundled without type="module" attribute
<script src="../assets/9a4c508abbd64ae0.js"> in "/whitepaper/index.html" can't be bundled without type="module" attribute
<script src="../assets/eb65e0e4eb5fab41.js"> in "/whitepaper/index.html" can't be bundled without type="module" attribute
<script src="../assets/f530cb4d303e024a.js"> in "/whitepaper/index.html" can't be bundled without type="module" attribute
<script src="../assets/850c215a17fff2d1.js"> in "/whitepaper/index.html" can't be bundled without type="module" attribute
<script src="../assets/86bd654fa1c4efc3.js"> in "/whitepaper/index.html" can't be bundled without type="module" attribute
<script src="../assets/8a798fb721748958.js"> in "/whitepaper/index.html" can't be bundled without type="module" attribute
<script src="../assets/9a564e01842af8d2.js"> in "/whitepaper/index.html" can't be bundled without type="module" attribute
<script src="../assets/ee06f0700c9d7a42.js"> in "/whitepaper/index.html" can't be bundled without type="module" attribute
<script src="../assets/7e3de736123435c2.js"> in "/whitepaper/index.html" can't be bundled without type="module" attribute
<script src="../assets/9bb8c96855dec7ac.js"> in "/whitepaper/index.html" can't be bundled without type="module" attribute
<script src="../assets/6dbc300bd970a955.js"> in "/whitepaper/index.html" can't be bundled without type="module" attribute
<script src="../assets/91d0265465e08b2f.js"> in "/whitepaper/index.html" can't be bundled without type="module" attribute
<script src="../assets/ab426655a00740a2.js"> in "/whitepaper/index.html" can't be bundled without type="module" attribute
<script src="../assets/6a8736b1b7962078.js"> in "/whitepaper/index.html" can't be bundled without type="module" attribute
<script src="../assets/3dd20d64a066cb60.js"> in "/whitepaper/index.html" can't be bundled without type="module" attribute
<script src="../assets/e739291c7c90e9b9.js"> in "/whitepaper/index.html" can't be bundled without type="module" attribute
<script src="../assets/c7ee91929432219e.js"> in "/whitepaper/index.html" can't be bundled without type="module" attribute
<script src="../assets/937b6423a8e5fa4c.js"> in "/whitepaper/index.html" can't be bundled without type="module" attribute
<script src="../assets/690fefe3bb7bcec1.js"> in "/whitepaper/index.html" can't be bundled without type="module" attribute
<script src="../assets/c904812592b57d77.js"> in "/whitepaper/index.html" can't be bundled without type="module" attribute
<script src="../assets/2cce7a8dc6688c63.js"> in "/whitepaper/index.html" can't be bundled without type="module" attribute
<script src="../assets/24d6174a8a42b77a.js"> in "/whitepaper/index.html" can't be bundled without type="module" attribute
<script src="../assets/e059c380a161e2c6.js"> in "/whitepaper/index.html" can't be bundled without type="module" attribute
<script src="../assets/bb97ca172ad2b90c.js"> in "/whitepaper/index.html" can't be bundled without type="module" attribute
<script src="../assets/dd5212372d7a80d8.js"> in "/whitepaper/index.html" can't be bundled without type="module" attribute
<script src="../assets/2b17e216cf958765.js"> in "/whitepaper/index.html" can't be bundled without type="module" attribute
<script src="../assets/a53ee07344cf32a6.js"> in "/underlying-assets/index.html" can't be bundled without type="module" attribute
<script src="../assets/99639afb6ee03f04.js"> in "/underlying-assets/index.html" can't be bundled without type="module" attribute
<script src="../assets/ca880558cce5dc88.js"> in "/underlying-assets/index.html" can't be bundled without type="module" attribute
<script src="../assets/55469b3c631d4d32.js"> in "/underlying-assets/index.html" can't be bundled without type="module" attribute
<script src="../assets/2e02f5f91f6b8e64.js"> in "/underlying-assets/index.html" can't be bundled without type="module" attribute
<script src="../assets/bcad9300fedd7db2.js"> in "/underlying-assets/index.html" can't be bundled without type="module" attribute
<script src="../assets/bf82fd90270837d3.js"> in "/underlying-assets/index.html" can't be bundled without type="module" attribute
<script src="../assets/bad4a29eb3124cf5.js"> in "/underlying-assets/index.html" can't be bundled without type="module" attribute
<script src="../assets/0365a5635b8e7559.js"> in "/underlying-assets/index.html" can't be bundled without type="module" attribute
<script src="../assets/d60915f0ef1e21b9.js"> in "/underlying-assets/index.html" can't be bundled without type="module" attribute
<script src="../assets/9d54adfc59f57bea.js"> in "/underlying-assets/index.html" can't be bundled without type="module" attribute
<script src="../assets/83f9f45d6ede8aaa.js"> in "/underlying-assets/index.html" can't be bundled without type="module" attribute
<script src="../assets/1703e583ae363da8.js"> in "/underlying-assets/index.html" can't be bundled without type="module" attribute
<script src="../assets/50e89fe36d98ff31.js"> in "/underlying-assets/index.html" can't be bundled without type="module" attribute
<script src="../assets/92d05634f55f0be5.js"> in "/underlying-assets/index.html" can't be bundled without type="module" attribute
<script src="../assets/5b11bba72b1a1f92.js"> in "/underlying-assets/index.html" can't be bundled without type="module" attribute
<script src="../assets/64eb21a4171d81f7.js"> in "/underlying-assets/index.html" can't be bundled without type="module" attribute
<script src="../assets/505d47d3a687c3cc.js"> in "/underlying-assets/index.html" can't be bundled without type="module" attribute
<script src="../assets/5397b0395be1dae8.js"> in "/underlying-assets/index.html" can't be bundled without type="module" attribute
<script src="../assets/766e87542957a702.js"> in "/underlying-assets/index.html" can't be bundled without type="module" attribute
<script src="../assets/ed53365e72647420.js"> in "/underlying-assets/index.html" can't be bundled without type="module" attribute
<script src="../assets/fd280861f0753328.js"> in "/underlying-assets/index.html" can't be bundled without type="module" attribute
<script src="../assets/182b9cb972fc25c9.js"> in "/underlying-assets/index.html" can't be bundled without type="module" attribute
<script src="../assets/d7b10a830601fe42.js"> in "/underlying-assets/index.html" can't be bundled without type="module" attribute
<script src="../assets/a086fd127e60d729.js"> in "/underlying-assets/index.html" can't be bundled without type="module" attribute
<script src="../assets/c45b5057d0e78c09.js"> in "/underlying-assets/index.html" can't be bundled without type="module" attribute
<script src="../assets/a798b8518a1e5aab.js"> in "/underlying-assets/index.html" can't be bundled without type="module" attribute
<script src="../assets/2df357f58fa1fdf7.js"> in "/underlying-assets/index.html" can't be bundled without type="module" attribute
<script src="../assets/ae42e6aec6acf2ed.js"> in "/underlying-assets/index.html" can't be bundled without type="module" attribute
<script src="../assets/e19240cb400f9e4d.js"> in "/underlying-assets/index.html" can't be bundled without type="module" attribute
<script src="../assets/07820aad36baaa61.js"> in "/underlying-assets/index.html" can't be bundled without type="module" attribute
<script src="../assets/57440b8dfd57447b.js"> in "/underlying-assets/index.html" can't be bundled without type="module" attribute
<script src="../assets/5a64d3dd8e996bbf.js"> in "/underlying-assets/index.html" can't be bundled without type="module" attribute
<script src="../assets/4a639e556d40b181.js"> in "/underlying-assets/index.html" can't be bundled without type="module" attribute
<script src="../assets/c2389a477fc0a023.js"> in "/underlying-assets/index.html" can't be bundled without type="module" attribute
<script src="../assets/0686e4c80cb5fee2.js"> in "/underlying-assets/index.html" can't be bundled without type="module" attribute
<script src="../assets/9a4c508abbd64ae0.js"> in "/underlying-assets/index.html" can't be bundled without type="module" attribute
<script src="../assets/eb65e0e4eb5fab41.js"> in "/underlying-assets/index.html" can't be bundled without type="module" attribute
<script src="../assets/f530cb4d303e024a.js"> in "/underlying-assets/index.html" can't be bundled without type="module" attribute
<script src="../assets/850c215a17fff2d1.js"> in "/underlying-assets/index.html" can't be bundled without type="module" attribute
<script src="../assets/86bd654fa1c4efc3.js"> in "/underlying-assets/index.html" can't be bundled without type="module" attribute
<script src="../assets/8a798fb721748958.js"> in "/underlying-assets/index.html" can't be bundled without type="module" attribute
<script src="../assets/9a564e01842af8d2.js"> in "/underlying-assets/index.html" can't be bundled without type="module" attribute
<script src="../assets/ee06f0700c9d7a42.js"> in "/underlying-assets/index.html" can't be bundled without type="module" attribute
<script src="../assets/7e3de736123435c2.js"> in "/underlying-assets/index.html" can't be bundled without type="module" attribute
<script src="../assets/b86872682d13c130.js"> in "/underlying-assets/index.html" can't be bundled without type="module" attribute
<script src="../assets/98e785e06ecb4f03.js"> in "/underlying-assets/index.html" can't be bundled without type="module" attribute
<script src="../assets/9bb8c96855dec7ac.js"> in "/underlying-assets/index.html" can't be bundled without type="module" attribute
<script src="../assets/6a8736b1b7962078.js"> in "/underlying-assets/index.html" can't be bundled without type="module" attribute
<script src="../assets/3dd20d64a066cb60.js"> in "/underlying-assets/index.html" can't be bundled without type="module" attribute
<script src="../assets/e739291c7c90e9b9.js"> in "/underlying-assets/index.html" can't be bundled without type="module" attribute
<script src="../assets/c7ee91929432219e.js"> in "/underlying-assets/index.html" can't be bundled without type="module" attribute
<script src="../assets/937b6423a8e5fa4c.js"> in "/underlying-assets/index.html" can't be bundled without type="module" attribute
<script src="../assets/690fefe3bb7bcec1.js"> in "/underlying-assets/index.html" can't be bundled without type="module" attribute
<script src="../assets/c904812592b57d77.js"> in "/underlying-assets/index.html" can't be bundled without type="module" attribute
<script src="../assets/2cce7a8dc6688c63.js"> in "/underlying-assets/index.html" can't be bundled without type="module" attribute
<script src="../assets/24d6174a8a42b77a.js"> in "/underlying-assets/index.html" can't be bundled without type="module" attribute
<script src="../assets/e059c380a161e2c6.js"> in "/underlying-assets/index.html" can't be bundled without type="module" attribute
<script src="../assets/bb97ca172ad2b90c.js"> in "/underlying-assets/index.html" can't be bundled without type="module" attribute
<script src="../assets/dd5212372d7a80d8.js"> in "/underlying-assets/index.html" can't be bundled without type="module" attribute
<script src="../assets/2b17e216cf958765.js"> in "/underlying-assets/index.html" can't be bundled without type="module" attribute
<script src="../assets/a53ee07344cf32a6.js"> in "/about-us/index.html" can't be bundled without type="module" attribute
<script src="../assets/99639afb6ee03f04.js"> in "/about-us/index.html" can't be bundled without type="module" attribute
<script src="../assets/ca880558cce5dc88.js"> in "/about-us/index.html" can't be bundled without type="module" attribute
<script src="../assets/55469b3c631d4d32.js"> in "/about-us/index.html" can't be bundled without type="module" attribute
<script src="../assets/2e02f5f91f6b8e64.js"> in "/about-us/index.html" can't be bundled without type="module" attribute
<script src="../assets/bcad9300fedd7db2.js"> in "/about-us/index.html" can't be bundled without type="module" attribute
<script src="../assets/bf82fd90270837d3.js"> in "/about-us/index.html" can't be bundled without type="module" attribute
<script src="../assets/bad4a29eb3124cf5.js"> in "/about-us/index.html" can't be bundled without type="module" attribute
<script src="../assets/0365a5635b8e7559.js"> in "/about-us/index.html" can't be bundled without type="module" attribute
<script src="../assets/d60915f0ef1e21b9.js"> in "/about-us/index.html" can't be bundled without type="module" attribute
<script src="../assets/9d54adfc59f57bea.js"> in "/about-us/index.html" can't be bundled without type="module" attribute
<script src="../assets/83f9f45d6ede8aaa.js"> in "/about-us/index.html" can't be bundled without type="module" attribute
<script src="../assets/1703e583ae363da8.js"> in "/about-us/index.html" can't be bundled without type="module" attribute
<script src="../assets/50e89fe36d98ff31.js"> in "/about-us/index.html" can't be bundled without type="module" attribute
<script src="../assets/92d05634f55f0be5.js"> in "/about-us/index.html" can't be bundled without type="module" attribute
<script src="../assets/5b11bba72b1a1f92.js"> in "/about-us/index.html" can't be bundled without type="module" attribute
<script src="../assets/64eb21a4171d81f7.js"> in "/about-us/index.html" can't be bundled without type="module" attribute
<script src="../assets/505d47d3a687c3cc.js"> in "/about-us/index.html" can't be bundled without type="module" attribute
<script src="../assets/5397b0395be1dae8.js"> in "/about-us/index.html" can't be bundled without type="module" attribute
<script src="../assets/766e87542957a702.js"> in "/about-us/index.html" can't be bundled without type="module" attribute
<script src="../assets/ed53365e72647420.js"> in "/about-us/index.html" can't be bundled without type="module" attribute
<script src="../assets/fd280861f0753328.js"> in "/about-us/index.html" can't be bundled without type="module" attribute
<script src="../assets/182b9cb972fc25c9.js"> in "/about-us/index.html" can't be bundled without type="module" attribute
<script src="../assets/d7b10a830601fe42.js"> in "/about-us/index.html" can't be bundled without type="module" attribute
<script src="../assets/a086fd127e60d729.js"> in "/about-us/index.html" can't be bundled without type="module" attribute
<script src="../assets/c45b5057d0e78c09.js"> in "/about-us/index.html" can't be bundled without type="module" attribute
<script src="../assets/a798b8518a1e5aab.js"> in "/about-us/index.html" can't be bundled without type="module" attribute
<script src="../assets/2df357f58fa1fdf7.js"> in "/about-us/index.html" can't be bundled without type="module" attribute
<script src="../assets/ae42e6aec6acf2ed.js"> in "/about-us/index.html" can't be bundled without type="module" attribute
<script src="../assets/e19240cb400f9e4d.js"> in "/about-us/index.html" can't be bundled without type="module" attribute
<script src="../assets/07820aad36baaa61.js"> in "/about-us/index.html" can't be bundled without type="module" attribute
<script src="../assets/57440b8dfd57447b.js"> in "/about-us/index.html" can't be bundled without type="module" attribute
<script src="../assets/5a64d3dd8e996bbf.js"> in "/about-us/index.html" can't be bundled without type="module" attribute
<script src="../assets/4a639e556d40b181.js"> in "/about-us/index.html" can't be bundled without type="module" attribute
<script src="../assets/c2389a477fc0a023.js"> in "/about-us/index.html" can't be bundled without type="module" attribute
<script src="../assets/0686e4c80cb5fee2.js"> in "/about-us/index.html" can't be bundled without type="module" attribute
<script src="../assets/9a4c508abbd64ae0.js"> in "/about-us/index.html" can't be bundled without type="module" attribute
<script src="../assets/eb65e0e4eb5fab41.js"> in "/about-us/index.html" can't be bundled without type="module" attribute
<script src="../assets/f530cb4d303e024a.js"> in "/about-us/index.html" can't be bundled without type="module" attribute
<script src="../assets/850c215a17fff2d1.js"> in "/about-us/index.html" can't be bundled without type="module" attribute
<script src="../assets/86bd654fa1c4efc3.js"> in "/about-us/index.html" can't be bundled without type="module" attribute
<script src="../assets/8a798fb721748958.js"> in "/about-us/index.html" can't be bundled without type="module" attribute
<script src="../assets/9a564e01842af8d2.js"> in "/about-us/index.html" can't be bundled without type="module" attribute
<script src="../assets/ee06f0700c9d7a42.js"> in "/about-us/index.html" can't be bundled without type="module" attribute
<script src="../assets/7e3de736123435c2.js"> in "/about-us/index.html" can't be bundled without type="module" attribute
<script src="../assets/5874937afb3bc70d.js"> in "/about-us/index.html" can't be bundled without type="module" attribute
<script src="../assets/da6631c82f7fad03.js"> in "/about-us/index.html" can't be bundled without type="module" attribute
<script src="../assets/90d0d61ef2925906.js"> in "/about-us/index.html" can't be bundled without type="module" attribute
<script src="../assets/9bb8c96855dec7ac.js"> in "/about-us/index.html" can't be bundled without type="module" attribute
<script src="../assets/6a8736b1b7962078.js"> in "/about-us/index.html" can't be bundled without type="module" attribute
<script src="../assets/3dd20d64a066cb60.js"> in "/about-us/index.html" can't be bundled without type="module" attribute
<script src="../assets/e739291c7c90e9b9.js"> in "/about-us/index.html" can't be bundled without type="module" attribute
<script src="../assets/c7ee91929432219e.js"> in "/about-us/index.html" can't be bundled without type="module" attribute
<script src="../assets/937b6423a8e5fa4c.js"> in "/about-us/index.html" can't be bundled without type="module" attribute
<script src="../assets/690fefe3bb7bcec1.js"> in "/about-us/index.html" can't be bundled without type="module" attribute
<script src="../assets/c904812592b57d77.js"> in "/about-us/index.html" can't be bundled without type="module" attribute
<script src="../assets/2cce7a8dc6688c63.js"> in "/about-us/index.html" can't be bundled without type="module" attribute
<script src="../assets/24d6174a8a42b77a.js"> in "/about-us/index.html" can't be bundled without type="module" attribute
<script src="../assets/e059c380a161e2c6.js"> in "/about-us/index.html" can't be bundled without type="module" attribute
<script src="../assets/bb97ca172ad2b90c.js"> in "/about-us/index.html" can't be bundled without type="module" attribute
<script src="../assets/dd5212372d7a80d8.js"> in "/about-us/index.html" can't be bundled without type="module" attribute
<script src="../assets/2b17e216cf958765.js"> in "/about-us/index.html" can't be bundled without type="module" attribute
<script src="../assets/a53ee07344cf32a6.js"> in "/faq/index.html" can't be bundled without type="module" attribute
<script src="../assets/99639afb6ee03f04.js"> in "/faq/index.html" can't be bundled without type="module" attribute
<script src="../assets/ca880558cce5dc88.js"> in "/faq/index.html" can't be bundled without type="module" attribute
<script src="../assets/55469b3c631d4d32.js"> in "/faq/index.html" can't be bundled without type="module" attribute
<script src="../assets/2e02f5f91f6b8e64.js"> in "/faq/index.html" can't be bundled without type="module" attribute
<script src="../assets/bcad9300fedd7db2.js"> in "/faq/index.html" can't be bundled without type="module" attribute
<script src="../assets/bf82fd90270837d3.js"> in "/faq/index.html" can't be bundled without type="module" attribute
<script src="../assets/bad4a29eb3124cf5.js"> in "/faq/index.html" can't be bundled without type="module" attribute
<script src="../assets/0365a5635b8e7559.js"> in "/faq/index.html" can't be bundled without type="module" attribute
<script src="../assets/d60915f0ef1e21b9.js"> in "/faq/index.html" can't be bundled without type="module" attribute
<script src="../assets/9d54adfc59f57bea.js"> in "/faq/index.html" can't be bundled without type="module" attribute
<script src="../assets/83f9f45d6ede8aaa.js"> in "/faq/index.html" can't be bundled without type="module" attribute
<script src="../assets/1703e583ae363da8.js"> in "/faq/index.html" can't be bundled without type="module" attribute
<script src="../assets/50e89fe36d98ff31.js"> in "/faq/index.html" can't be bundled without type="module" attribute
<script src="../assets/92d05634f55f0be5.js"> in "/faq/index.html" can't be bundled without type="module" attribute
<script src="../assets/5b11bba72b1a1f92.js"> in "/faq/index.html" can't be bundled without type="module" attribute
<script src="../assets/64eb21a4171d81f7.js"> in "/faq/index.html" can't be bundled without type="module" attribute
<script src="../assets/505d47d3a687c3cc.js"> in "/faq/index.html" can't be bundled without type="module" attribute
<script src="../assets/5397b0395be1dae8.js"> in "/faq/index.html" can't be bundled without type="module" attribute
<script src="../assets/766e87542957a702.js"> in "/faq/index.html" can't be bundled without type="module" attribute
<script src="../assets/ed53365e72647420.js"> in "/faq/index.html" can't be bundled without type="module" attribute
<script src="../assets/fd280861f0753328.js"> in "/faq/index.html" can't be bundled without type="module" attribute
<script src="../assets/182b9cb972fc25c9.js"> in "/faq/index.html" can't be bundled without type="module" attribute
<script src="../assets/d7b10a830601fe42.js"> in "/faq/index.html" can't be bundled without type="module" attribute
<script src="../assets/a086fd127e60d729.js"> in "/faq/index.html" can't be bundled without type="module" attribute
<script src="../assets/c45b5057d0e78c09.js"> in "/faq/index.html" can't be bundled without type="module" attribute
<script src="../assets/a798b8518a1e5aab.js"> in "/faq/index.html" can't be bundled without type="module" attribute
<script src="../assets/a4b0ddc0b49b0e13.js"> in "/faq/index.html" can't be bundled without type="module" attribute
<script src="../assets/2df357f58fa1fdf7.js"> in "/faq/index.html" can't be bundled without type="module" attribute
<script src="../assets/ae42e6aec6acf2ed.js"> in "/faq/index.html" can't be bundled without type="module" attribute
<script src="../assets/e19240cb400f9e4d.js"> in "/faq/index.html" can't be bundled without type="module" attribute
<script src="../assets/07820aad36baaa61.js"> in "/faq/index.html" can't be bundled without type="module" attribute
<script src="../assets/57440b8dfd57447b.js"> in "/faq/index.html" can't be bundled without type="module" attribute
<script src="../assets/5a64d3dd8e996bbf.js"> in "/faq/index.html" can't be bundled without type="module" attribute
<script src="../assets/4a639e556d40b181.js"> in "/faq/index.html" can't be bundled without type="module" attribute
<script src="../assets/c2389a477fc0a023.js"> in "/faq/index.html" can't be bundled without type="module" attribute
<script src="../assets/0686e4c80cb5fee2.js"> in "/faq/index.html" can't be bundled without type="module" attribute
<script src="../assets/9a4c508abbd64ae0.js"> in "/faq/index.html" can't be bundled without type="module" attribute
<script src="../assets/eb65e0e4eb5fab41.js"> in "/faq/index.html" can't be bundled without type="module" attribute
<script src="../assets/f530cb4d303e024a.js"> in "/faq/index.html" can't be bundled without type="module" attribute
<script src="../assets/850c215a17fff2d1.js"> in "/faq/index.html" can't be bundled without type="module" attribute
<script src="../assets/86bd654fa1c4efc3.js"> in "/faq/index.html" can't be bundled without type="module" attribute
<script src="../assets/8a798fb721748958.js"> in "/faq/index.html" can't be bundled without type="module" attribute
<script src="../assets/9a564e01842af8d2.js"> in "/faq/index.html" can't be bundled without type="module" attribute
<script src="../assets/ee06f0700c9d7a42.js"> in "/faq/index.html" can't be bundled without type="module" attribute
<script src="../assets/7e3de736123435c2.js"> in "/faq/index.html" can't be bundled without type="module" attribute
<script src="../assets/a5813d9c9c96cf98.js"> in "/faq/index.html" can't be bundled without type="module" attribute
<script src="../assets/9bb8c96855dec7ac.js"> in "/faq/index.html" can't be bundled without type="module" attribute
<script src="../assets/6a8736b1b7962078.js"> in "/faq/index.html" can't be bundled without type="module" attribute
<script src="../assets/3dd20d64a066cb60.js"> in "/faq/index.html" can't be bundled without type="module" attribute
<script src="../assets/e739291c7c90e9b9.js"> in "/faq/index.html" can't be bundled without type="module" attribute
<script src="../assets/c7ee91929432219e.js"> in "/faq/index.html" can't be bundled without type="module" attribute
<script src="../assets/937b6423a8e5fa4c.js"> in "/faq/index.html" can't be bundled without type="module" attribute
<script src="../assets/690fefe3bb7bcec1.js"> in "/faq/index.html" can't be bundled without type="module" attribute
<script src="../assets/c904812592b57d77.js"> in "/faq/index.html" can't be bundled without type="module" attribute
<script src="../assets/2cce7a8dc6688c63.js"> in "/faq/index.html" can't be bundled without type="module" attribute
<script src="../assets/24d6174a8a42b77a.js"> in "/faq/index.html" can't be bundled without type="module" attribute
<script src="../assets/e059c380a161e2c6.js"> in "/faq/index.html" can't be bundled without type="module" attribute
<script src="../assets/bb97ca172ad2b90c.js"> in "/faq/index.html" can't be bundled without type="module" attribute
<script src="../assets/dd5212372d7a80d8.js"> in "/faq/index.html" can't be bundled without type="module" attribute
<script src="../assets/2b17e216cf958765.js"> in "/faq/index.html" can't be bundled without type="module" attribute
<script src="../../assets/a53ee07344cf32a6.js"> in "/category/article/index.html" can't be bundled without type="module" attribute
<script src="../../assets/99639afb6ee03f04.js"> in "/category/article/index.html" can't be bundled without type="module" attribute
<script src="../../assets/ca880558cce5dc88.js"> in "/category/article/index.html" can't be bundled without type="module" attribute
<script src="../../assets/55469b3c631d4d32.js"> in "/category/article/index.html" can't be bundled without type="module" attribute
<script src="../../assets/2e02f5f91f6b8e64.js"> in "/category/article/index.html" can't be bundled without type="module" attribute
<script src="../../assets/bcad9300fedd7db2.js"> in "/category/article/index.html" can't be bundled without type="module" attribute
<script src="../../assets/bf82fd90270837d3.js"> in "/category/article/index.html" can't be bundled without type="module" attribute
<script src="../../assets/bad4a29eb3124cf5.js"> in "/category/article/index.html" can't be bundled without type="module" attribute
<script src="../../assets/0365a5635b8e7559.js"> in "/category/article/index.html" can't be bundled without type="module" attribute
<script src="../../assets/d60915f0ef1e21b9.js"> in "/category/article/index.html" can't be bundled without type="module" attribute
<script src="../../assets/9d54adfc59f57bea.js"> in "/category/article/index.html" can't be bundled without type="module" attribute
<script src="../../assets/83f9f45d6ede8aaa.js"> in "/category/article/index.html" can't be bundled without type="module" attribute
<script src="../../assets/1703e583ae363da8.js"> in "/category/article/index.html" can't be bundled without type="module" attribute
<script src="../../assets/50e89fe36d98ff31.js"> in "/category/article/index.html" can't be bundled without type="module" attribute
<script src="../../assets/92d05634f55f0be5.js"> in "/category/article/index.html" can't be bundled without type="module" attribute
<script src="../../assets/5b11bba72b1a1f92.js"> in "/category/article/index.html" can't be bundled without type="module" attribute
<script src="../../assets/64eb21a4171d81f7.js"> in "/category/article/index.html" can't be bundled without type="module" attribute
<script src="../../assets/505d47d3a687c3cc.js"> in "/category/article/index.html" can't be bundled without type="module" attribute
<script src="../../assets/5397b0395be1dae8.js"> in "/category/article/index.html" can't be bundled without type="module" attribute
<script src="../../assets/766e87542957a702.js"> in "/category/article/index.html" can't be bundled without type="module" attribute
<script src="../../assets/ed53365e72647420.js"> in "/category/article/index.html" can't be bundled without type="module" attribute
<script src="../../assets/fd280861f0753328.js"> in "/category/article/index.html" can't be bundled without type="module" attribute
<script src="../../assets/182b9cb972fc25c9.js"> in "/category/article/index.html" can't be bundled without type="module" attribute
<script src="../../assets/d7b10a830601fe42.js"> in "/category/article/index.html" can't be bundled without type="module" attribute
<script src="../../assets/2df357f58fa1fdf7.js"> in "/category/article/index.html" can't be bundled without type="module" attribute
<script src="../../assets/ae42e6aec6acf2ed.js"> in "/category/article/index.html" can't be bundled without type="module" attribute
<script src="../../assets/e19240cb400f9e4d.js"> in "/category/article/index.html" can't be bundled without type="module" attribute
<script src="../../assets/07820aad36baaa61.js"> in "/category/article/index.html" can't be bundled without type="module" attribute
<script src="../../assets/57440b8dfd57447b.js"> in "/category/article/index.html" can't be bundled without type="module" attribute
<script src="../../assets/5a64d3dd8e996bbf.js"> in "/category/article/index.html" can't be bundled without type="module" attribute
<script src="../../assets/4a639e556d40b181.js"> in "/category/article/index.html" can't be bundled without type="module" attribute
<script src="../../assets/c2389a477fc0a023.js"> in "/category/article/index.html" can't be bundled without type="module" attribute
<script src="../../assets/0686e4c80cb5fee2.js"> in "/category/article/index.html" can't be bundled without type="module" attribute
<script src="../../assets/9a4c508abbd64ae0.js"> in "/category/article/index.html" can't be bundled without type="module" attribute
<script src="../../assets/eb65e0e4eb5fab41.js"> in "/category/article/index.html" can't be bundled without type="module" attribute
<script src="../../assets/f530cb4d303e024a.js"> in "/category/article/index.html" can't be bundled without type="module" attribute
<script src="../../assets/850c215a17fff2d1.js"> in "/category/article/index.html" can't be bundled without type="module" attribute
<script src="../../assets/86bd654fa1c4efc3.js"> in "/category/article/index.html" can't be bundled without type="module" attribute
<script src="../../assets/a086fd127e60d729.js"> in "/category/article/index.html" can't be bundled without type="module" attribute
<script src="../../assets/c45b5057d0e78c09.js"> in "/category/article/index.html" can't be bundled without type="module" attribute
<script src="../../assets/a798b8518a1e5aab.js"> in "/category/article/index.html" can't be bundled without type="module" attribute
<script src="../../assets/8a798fb721748958.js"> in "/category/article/index.html" can't be bundled without type="module" attribute
<script src="../../assets/9a564e01842af8d2.js"> in "/category/article/index.html" can't be bundled without type="module" attribute
<script src="../../assets/ee06f0700c9d7a42.js"> in "/category/article/index.html" can't be bundled without type="module" attribute
<script src="../../assets/7e3de736123435c2.js"> in "/category/article/index.html" can't be bundled without type="module" attribute
<script src="../../assets/9bb8c96855dec7ac.js"> in "/category/article/index.html" can't be bundled without type="module" attribute
<script src="../../assets/6a8736b1b7962078.js"> in "/category/article/index.html" can't be bundled without type="module" attribute
<script src="../../assets/3dd20d64a066cb60.js"> in "/category/article/index.html" can't be bundled without type="module" attribute
<script src="../../assets/e739291c7c90e9b9.js"> in "/category/article/index.html" can't be bundled without type="module" attribute
<script src="../../assets/c7ee91929432219e.js"> in "/category/article/index.html" can't be bundled without type="module" attribute
<script src="../../assets/937b6423a8e5fa4c.js"> in "/category/article/index.html" can't be bundled without type="module" attribute
<script src="../../assets/690fefe3bb7bcec1.js"> in "/category/article/index.html" can't be bundled without type="module" attribute
<script src="../../assets/c904812592b57d77.js"> in "/category/article/index.html" can't be bundled without type="module" attribute
<script src="../../assets/2cce7a8dc6688c63.js"> in "/category/article/index.html" can't be bundled without type="module" attribute
<script src="../../assets/24d6174a8a42b77a.js"> in "/category/article/index.html" can't be bundled without type="module" attribute
<script src="../../assets/e059c380a161e2c6.js"> in "/category/article/index.html" can't be bundled without type="module" attribute
<script src="../../assets/bb97ca172ad2b90c.js"> in "/category/article/index.html" can't be bundled without type="module" attribute
<script src="../../assets/dd5212372d7a80d8.js"> in "/category/article/index.html" can't be bundled without type="module" attribute
<script src="../../assets/2b17e216cf958765.js"> in "/category/article/index.html" can't be bundled without type="module" attribute
<script src="../../assets/a53ee07344cf32a6.js"> in "/en/whitepaper-en/index.html" can't be bundled without type="module" attribute
<script src="../../assets/99639afb6ee03f04.js"> in "/en/whitepaper-en/index.html" can't be bundled without type="module" attribute
<script src="../../assets/ca880558cce5dc88.js"> in "/en/whitepaper-en/index.html" can't be bundled without type="module" attribute
<script src="../../assets/55469b3c631d4d32.js"> in "/en/whitepaper-en/index.html" can't be bundled without type="module" attribute
<script src="../../assets/2e02f5f91f6b8e64.js"> in "/en/whitepaper-en/index.html" can't be bundled without type="module" attribute
<script src="../../assets/bcad9300fedd7db2.js"> in "/en/whitepaper-en/index.html" can't be bundled without type="module" attribute
<script src="../../assets/bf82fd90270837d3.js"> in "/en/whitepaper-en/index.html" can't be bundled without type="module" attribute
<script src="../../assets/bad4a29eb3124cf5.js"> in "/en/whitepaper-en/index.html" can't be bundled without type="module" attribute
<script src="../../assets/0365a5635b8e7559.js"> in "/en/whitepaper-en/index.html" can't be bundled without type="module" attribute
<script src="../../assets/d60915f0ef1e21b9.js"> in "/en/whitepaper-en/index.html" can't be bundled without type="module" attribute
<script src="../../assets/9d54adfc59f57bea.js"> in "/en/whitepaper-en/index.html" can't be bundled without type="module" attribute
<script src="../../assets/83f9f45d6ede8aaa.js"> in "/en/whitepaper-en/index.html" can't be bundled without type="module" attribute
<script src="../../assets/1703e583ae363da8.js"> in "/en/whitepaper-en/index.html" can't be bundled without type="module" attribute
<script src="../../assets/50e89fe36d98ff31.js"> in "/en/whitepaper-en/index.html" can't be bundled without type="module" attribute
<script src="../../assets/92d05634f55f0be5.js"> in "/en/whitepaper-en/index.html" can't be bundled without type="module" attribute
<script src="../../assets/5b11bba72b1a1f92.js"> in "/en/whitepaper-en/index.html" can't be bundled without type="module" attribute
<script src="../../assets/64eb21a4171d81f7.js"> in "/en/whitepaper-en/index.html" can't be bundled without type="module" attribute
<script src="../../assets/505d47d3a687c3cc.js"> in "/en/whitepaper-en/index.html" can't be bundled without type="module" attribute
<script src="../../assets/5397b0395be1dae8.js"> in "/en/whitepaper-en/index.html" can't be bundled without type="module" attribute
<script src="../../assets/766e87542957a702.js"> in "/en/whitepaper-en/index.html" can't be bundled without type="module" attribute
<script src="../../assets/ed53365e72647420.js"> in "/en/whitepaper-en/index.html" can't be bundled without type="module" attribute
<script src="../../assets/fd280861f0753328.js"> in "/en/whitepaper-en/index.html" can't be bundled without type="module" attribute
<script src="../../assets/182b9cb972fc25c9.js"> in "/en/whitepaper-en/index.html" can't be bundled without type="module" attribute
<script src="../../assets/d7b10a830601fe42.js"> in "/en/whitepaper-en/index.html" can't be bundled without type="module" attribute
<script src="../../assets/a086fd127e60d729.js"> in "/en/whitepaper-en/index.html" can't be bundled without type="module" attribute
<script src="../../assets/c45b5057d0e78c09.js"> in "/en/whitepaper-en/index.html" can't be bundled without type="module" attribute
<script src="../../assets/a798b8518a1e5aab.js"> in "/en/whitepaper-en/index.html" can't be bundled without type="module" attribute
<script src="../../assets/2df357f58fa1fdf7.js"> in "/en/whitepaper-en/index.html" can't be bundled without type="module" attribute
<script src="../../assets/ae42e6aec6acf2ed.js"> in "/en/whitepaper-en/index.html" can't be bundled without type="module" attribute
<script src="../../assets/e19240cb400f9e4d.js"> in "/en/whitepaper-en/index.html" can't be bundled without type="module" attribute
<script src="../../assets/07820aad36baaa61.js"> in "/en/whitepaper-en/index.html" can't be bundled without type="module" attribute
<script src="../../assets/57440b8dfd57447b.js"> in "/en/whitepaper-en/index.html" can't be bundled without type="module" attribute
<script src="../../assets/5a64d3dd8e996bbf.js"> in "/en/whitepaper-en/index.html" can't be bundled without type="module" attribute
<script src="../../assets/4a639e556d40b181.js"> in "/en/whitepaper-en/index.html" can't be bundled without type="module" attribute
<script src="../../assets/c2389a477fc0a023.js"> in "/en/whitepaper-en/index.html" can't be bundled without type="module" attribute
<script src="../../assets/0686e4c80cb5fee2.js"> in "/en/whitepaper-en/index.html" can't be bundled without type="module" attribute
<script src="../../assets/9a4c508abbd64ae0.js"> in "/en/whitepaper-en/index.html" can't be bundled without type="module" attribute
<script src="../../assets/eb65e0e4eb5fab41.js"> in "/en/whitepaper-en/index.html" can't be bundled without type="module" attribute
<script src="../../assets/f530cb4d303e024a.js"> in "/en/whitepaper-en/index.html" can't be bundled without type="module" attribute
<script src="../../assets/850c215a17fff2d1.js"> in "/en/whitepaper-en/index.html" can't be bundled without type="module" attribute
<script src="../../assets/86bd654fa1c4efc3.js"> in "/en/whitepaper-en/index.html" can't be bundled without type="module" attribute
<script src="../../assets/9a564e01842af8d2.js"> in "/en/whitepaper-en/index.html" can't be bundled without type="module" attribute
<script src="../../assets/ee06f0700c9d7a42.js"> in "/en/whitepaper-en/index.html" can't be bundled without type="module" attribute
<script src="../../assets/7e3de736123435c2.js"> in "/en/whitepaper-en/index.html" can't be bundled without type="module" attribute
<script src="../../assets/8a798fb721748958.js"> in "/en/whitepaper-en/index.html" can't be bundled without type="module" attribute
<script src="../../assets/9bb8c96855dec7ac.js"> in "/en/whitepaper-en/index.html" can't be bundled without type="module" attribute
<script src="../../assets/6dbc300bd970a955.js"> in "/en/whitepaper-en/index.html" can't be bundled without type="module" attribute
<script src="../../assets/91d0265465e08b2f.js"> in "/en/whitepaper-en/index.html" can't be bundled without type="module" attribute
<script src="../../assets/ab426655a00740a2.js"> in "/en/whitepaper-en/index.html" can't be bundled without type="module" attribute
<script src="../../assets/6a8736b1b7962078.js"> in "/en/whitepaper-en/index.html" can't be bundled without type="module" attribute
<script src="../../assets/3dd20d64a066cb60.js"> in "/en/whitepaper-en/index.html" can't be bundled without type="module" attribute
<script src="../../assets/e739291c7c90e9b9.js"> in "/en/whitepaper-en/index.html" can't be bundled without type="module" attribute
<script src="../../assets/c7ee91929432219e.js"> in "/en/whitepaper-en/index.html" can't be bundled without type="module" attribute
<script src="../../assets/937b6423a8e5fa4c.js"> in "/en/whitepaper-en/index.html" can't be bundled without type="module" attribute
<script src="../../assets/690fefe3bb7bcec1.js"> in "/en/whitepaper-en/index.html" can't be bundled without type="module" attribute
<script src="../../assets/c904812592b57d77.js"> in "/en/whitepaper-en/index.html" can't be bundled without type="module" attribute
<script src="../../assets/2cce7a8dc6688c63.js"> in "/en/whitepaper-en/index.html" can't be bundled without type="module" attribute
<script src="../../assets/24d6174a8a42b77a.js"> in "/en/whitepaper-en/index.html" can't be bundled without type="module" attribute
<script src="../../assets/e059c380a161e2c6.js"> in "/en/whitepaper-en/index.html" can't be bundled without type="module" attribute
<script src="../../assets/bb97ca172ad2b90c.js"> in "/en/whitepaper-en/index.html" can't be bundled without type="module" attribute
<script src="../../assets/dd5212372d7a80d8.js"> in "/en/whitepaper-en/index.html" can't be bundled without type="module" attribute
<script src="../../assets/2b17e216cf958765.js"> in "/en/whitepaper-en/index.html" can't be bundled without type="module" attribute
<script src="../../assets/a53ee07344cf32a6.js"> in "/en/project-goals-en/index.html" can't be bundled without type="module" attribute
<script src="../../assets/99639afb6ee03f04.js"> in "/en/project-goals-en/index.html" can't be bundled without type="module" attribute
<script src="../../assets/ca880558cce5dc88.js"> in "/en/project-goals-en/index.html" can't be bundled without type="module" attribute
<script src="../../assets/55469b3c631d4d32.js"> in "/en/project-goals-en/index.html" can't be bundled without type="module" attribute
<script src="../../assets/2e02f5f91f6b8e64.js"> in "/en/project-goals-en/index.html" can't be bundled without type="module" attribute
<script src="../../assets/bcad9300fedd7db2.js"> in "/en/project-goals-en/index.html" can't be bundled without type="module" attribute
<script src="../../assets/bf82fd90270837d3.js"> in "/en/project-goals-en/index.html" can't be bundled without type="module" attribute
<script src="../../assets/bad4a29eb3124cf5.js"> in "/en/project-goals-en/index.html" can't be bundled without type="module" attribute
<script src="../../assets/0365a5635b8e7559.js"> in "/en/project-goals-en/index.html" can't be bundled without type="module" attribute
<script src="../../assets/d60915f0ef1e21b9.js"> in "/en/project-goals-en/index.html" can't be bundled without type="module" attribute
<script src="../../assets/9d54adfc59f57bea.js"> in "/en/project-goals-en/index.html" can't be bundled without type="module" attribute
<script src="../../assets/83f9f45d6ede8aaa.js"> in "/en/project-goals-en/index.html" can't be bundled without type="module" attribute
<script src="../../assets/1703e583ae363da8.js"> in "/en/project-goals-en/index.html" can't be bundled without type="module" attribute
<script src="../../assets/50e89fe36d98ff31.js"> in "/en/project-goals-en/index.html" can't be bundled without type="module" attribute
<script src="../../assets/92d05634f55f0be5.js"> in "/en/project-goals-en/index.html" can't be bundled without type="module" attribute
<script src="../../assets/5b11bba72b1a1f92.js"> in "/en/project-goals-en/index.html" can't be bundled without type="module" attribute
<script src="../../assets/64eb21a4171d81f7.js"> in "/en/project-goals-en/index.html" can't be bundled without type="module" attribute
<script src="../../assets/505d47d3a687c3cc.js"> in "/en/project-goals-en/index.html" can't be bundled without type="module" attribute
<script src="../../assets/5397b0395be1dae8.js"> in "/en/project-goals-en/index.html" can't be bundled without type="module" attribute
<script src="../../assets/766e87542957a702.js"> in "/en/project-goals-en/index.html" can't be bundled without type="module" attribute
<script src="../../assets/ed53365e72647420.js"> in "/en/project-goals-en/index.html" can't be bundled without type="module" attribute
<script src="../../assets/fd280861f0753328.js"> in "/en/project-goals-en/index.html" can't be bundled without type="module" attribute
<script src="../../assets/182b9cb972fc25c9.js"> in "/en/project-goals-en/index.html" can't be bundled without type="module" attribute
<script src="../../assets/d7b10a830601fe42.js"> in "/en/project-goals-en/index.html" can't be bundled without type="module" attribute
<script src="../../assets/a086fd127e60d729.js"> in "/en/project-goals-en/index.html" can't be bundled without type="module" attribute
<script src="../../assets/c45b5057d0e78c09.js"> in "/en/project-goals-en/index.html" can't be bundled without type="module" attribute
<script src="../../assets/a798b8518a1e5aab.js"> in "/en/project-goals-en/index.html" can't be bundled without type="module" attribute
<script src="../../assets/4344ce7b709a4ceb.js"> in "/en/project-goals-en/index.html" can't be bundled without type="module" attribute
<script src="../../assets/2df357f58fa1fdf7.js"> in "/en/project-goals-en/index.html" can't be bundled without type="module" attribute
<script src="../../assets/ae42e6aec6acf2ed.js"> in "/en/project-goals-en/index.html" can't be bundled without type="module" attribute
<script src="../../assets/e19240cb400f9e4d.js"> in "/en/project-goals-en/index.html" can't be bundled without type="module" attribute
<script src="../../assets/07820aad36baaa61.js"> in "/en/project-goals-en/index.html" can't be bundled without type="module" attribute
<script src="../../assets/57440b8dfd57447b.js"> in "/en/project-goals-en/index.html" can't be bundled without type="module" attribute
<script src="../../assets/5a64d3dd8e996bbf.js"> in "/en/project-goals-en/index.html" can't be bundled without type="module" attribute
<script src="../../assets/4a639e556d40b181.js"> in "/en/project-goals-en/index.html" can't be bundled without type="module" attribute
<script src="../../assets/c2389a477fc0a023.js"> in "/en/project-goals-en/index.html" can't be bundled without type="module" attribute
<script src="../../assets/0686e4c80cb5fee2.js"> in "/en/project-goals-en/index.html" can't be bundled without type="module" attribute
<script src="../../assets/9a4c508abbd64ae0.js"> in "/en/project-goals-en/index.html" can't be bundled without type="module" attribute
<script src="../../assets/eb65e0e4eb5fab41.js"> in "/en/project-goals-en/index.html" can't be bundled without type="module" attribute
<script src="../../assets/f530cb4d303e024a.js"> in "/en/project-goals-en/index.html" can't be bundled without type="module" attribute
<script src="../../assets/850c215a17fff2d1.js"> in "/en/project-goals-en/index.html" can't be bundled without type="module" attribute
<script src="../../assets/86bd654fa1c4efc3.js"> in "/en/project-goals-en/index.html" can't be bundled without type="module" attribute
<script src="../../assets/9a564e01842af8d2.js"> in "/en/project-goals-en/index.html" can't be bundled without type="module" attribute
<script src="../../assets/ee06f0700c9d7a42.js"> in "/en/project-goals-en/index.html" can't be bundled without type="module" attribute
<script src="../../assets/7e3de736123435c2.js"> in "/en/project-goals-en/index.html" can't be bundled without type="module" attribute
<script src="../../assets/8a798fb721748958.js"> in "/en/project-goals-en/index.html" can't be bundled without type="module" attribute
<script src="../../assets/5874937afb3bc70d.js"> in "/en/project-goals-en/index.html" can't be bundled without type="module" attribute
<script src="../../assets/da6631c82f7fad03.js"> in "/en/project-goals-en/index.html" can't be bundled without type="module" attribute
<script src="../../assets/9bb8c96855dec7ac.js"> in "/en/project-goals-en/index.html" can't be bundled without type="module" attribute
<script src="../../assets/6a8736b1b7962078.js"> in "/en/project-goals-en/index.html" can't be bundled without type="module" attribute
<script src="../../assets/3dd20d64a066cb60.js"> in "/en/project-goals-en/index.html" can't be bundled without type="module" attribute
<script src="../../assets/e739291c7c90e9b9.js"> in "/en/project-goals-en/index.html" can't be bundled without type="module" attribute
<script src="../../assets/c7ee91929432219e.js"> in "/en/project-goals-en/index.html" can't be bundled without type="module" attribute
<script src="../../assets/937b6423a8e5fa4c.js"> in "/en/project-goals-en/index.html" can't be bundled without type="module" attribute
<script src="../../assets/690fefe3bb7bcec1.js"> in "/en/project-goals-en/index.html" can't be bundled without type="module" attribute
<script src="../../assets/c904812592b57d77.js"> in "/en/project-goals-en/index.html" can't be bundled without type="module" attribute
<script src="../../assets/2cce7a8dc6688c63.js"> in "/en/project-goals-en/index.html" can't be bundled without type="module" attribute
<script src="../../assets/24d6174a8a42b77a.js"> in "/en/project-goals-en/index.html" can't be bundled without type="module" attribute
<script src="../../assets/e059c380a161e2c6.js"> in "/en/project-goals-en/index.html" can't be bundled without type="module" attribute
<script src="../../assets/bb97ca172ad2b90c.js"> in "/en/project-goals-en/index.html" can't be bundled without type="module" attribute
<script src="../../assets/dd5212372d7a80d8.js"> in "/en/project-goals-en/index.html" can't be bundled without type="module" attribute
<script src="../../assets/2b17e216cf958765.js"> in "/en/project-goals-en/index.html" can't be bundled without type="module" attribute
<script src="../../assets/a53ee07344cf32a6.js"> in "/en/main-en/index.html" can't be bundled without type="module" attribute
<script src="../../assets/99639afb6ee03f04.js"> in "/en/main-en/index.html" can't be bundled without type="module" attribute
<script src="../../assets/ca880558cce5dc88.js"> in "/en/main-en/index.html" can't be bundled without type="module" attribute
<script src="../../assets/55469b3c631d4d32.js"> in "/en/main-en/index.html" can't be bundled without type="module" attribute
<script src="../../assets/2e02f5f91f6b8e64.js"> in "/en/main-en/index.html" can't be bundled without type="module" attribute
<script src="../../assets/bcad9300fedd7db2.js"> in "/en/main-en/index.html" can't be bundled without type="module" attribute
<script src="../../assets/bf82fd90270837d3.js"> in "/en/main-en/index.html" can't be bundled without type="module" attribute
<script src="../../assets/bad4a29eb3124cf5.js"> in "/en/main-en/index.html" can't be bundled without type="module" attribute
<script src="../../assets/0365a5635b8e7559.js"> in "/en/main-en/index.html" can't be bundled without type="module" attribute
<script src="../../assets/d60915f0ef1e21b9.js"> in "/en/main-en/index.html" can't be bundled without type="module" attribute
<script src="../../assets/9d54adfc59f57bea.js"> in "/en/main-en/index.html" can't be bundled without type="module" attribute
<script src="../../assets/83f9f45d6ede8aaa.js"> in "/en/main-en/index.html" can't be bundled without type="module" attribute
<script src="../../assets/1703e583ae363da8.js"> in "/en/main-en/index.html" can't be bundled without type="module" attribute
<script src="../../assets/50e89fe36d98ff31.js"> in "/en/main-en/index.html" can't be bundled without type="module" attribute
<script src="../../assets/92d05634f55f0be5.js"> in "/en/main-en/index.html" can't be bundled without type="module" attribute
<script src="../../assets/5b11bba72b1a1f92.js"> in "/en/main-en/index.html" can't be bundled without type="module" attribute
<script src="../../assets/64eb21a4171d81f7.js"> in "/en/main-en/index.html" can't be bundled without type="module" attribute
<script src="../../assets/505d47d3a687c3cc.js"> in "/en/main-en/index.html" can't be bundled without type="module" attribute
<script src="../../assets/5397b0395be1dae8.js"> in "/en/main-en/index.html" can't be bundled without type="module" attribute
<script src="../../assets/766e87542957a702.js"> in "/en/main-en/index.html" can't be bundled without type="module" attribute
<script src="../../assets/ed53365e72647420.js"> in "/en/main-en/index.html" can't be bundled without type="module" attribute
<script src="../../assets/fd280861f0753328.js"> in "/en/main-en/index.html" can't be bundled without type="module" attribute
<script src="../../assets/182b9cb972fc25c9.js"> in "/en/main-en/index.html" can't be bundled without type="module" attribute
<script src="../../assets/d7b10a830601fe42.js"> in "/en/main-en/index.html" can't be bundled without type="module" attribute
<script src="../../assets/a086fd127e60d729.js"> in "/en/main-en/index.html" can't be bundled without type="module" attribute
<script src="../../assets/c45b5057d0e78c09.js"> in "/en/main-en/index.html" can't be bundled without type="module" attribute
<script src="../../assets/a798b8518a1e5aab.js"> in "/en/main-en/index.html" can't be bundled without type="module" attribute
<script src="../../assets/f0631b9fa7810019.js"> in "/en/main-en/index.html" can't be bundled without type="module" attribute
<script src="../../assets/2df357f58fa1fdf7.js"> in "/en/main-en/index.html" can't be bundled without type="module" attribute
<script src="../../assets/ae42e6aec6acf2ed.js"> in "/en/main-en/index.html" can't be bundled without type="module" attribute
<script src="../../assets/e19240cb400f9e4d.js"> in "/en/main-en/index.html" can't be bundled without type="module" attribute
<script src="../../assets/07820aad36baaa61.js"> in "/en/main-en/index.html" can't be bundled without type="module" attribute
<script src="../../assets/57440b8dfd57447b.js"> in "/en/main-en/index.html" can't be bundled without type="module" attribute
<script src="../../assets/5a64d3dd8e996bbf.js"> in "/en/main-en/index.html" can't be bundled without type="module" attribute
<script src="../../assets/4a639e556d40b181.js"> in "/en/main-en/index.html" can't be bundled without type="module" attribute
<script src="../../assets/c2389a477fc0a023.js"> in "/en/main-en/index.html" can't be bundled without type="module" attribute
<script src="../../assets/0686e4c80cb5fee2.js"> in "/en/main-en/index.html" can't be bundled without type="module" attribute
<script src="../../assets/9a4c508abbd64ae0.js"> in "/en/main-en/index.html" can't be bundled without type="module" attribute
<script src="../../assets/eb65e0e4eb5fab41.js"> in "/en/main-en/index.html" can't be bundled without type="module" attribute
<script src="../../assets/f530cb4d303e024a.js"> in "/en/main-en/index.html" can't be bundled without type="module" attribute
<script src="../../assets/850c215a17fff2d1.js"> in "/en/main-en/index.html" can't be bundled without type="module" attribute
<script src="../../assets/86bd654fa1c4efc3.js"> in "/en/main-en/index.html" can't be bundled without type="module" attribute
<script src="../../assets/e6ee83244c7a348c.js"> in "/en/main-en/index.html" can't be bundled without type="module" attribute
<script src="../../assets/fa88c85110cc6297.js"> in "/en/main-en/index.html" can't be bundled without type="module" attribute
<script src="../../assets/9a564e01842af8d2.js"> in "/en/main-en/index.html" can't be bundled without type="module" attribute
<script src="../../assets/ee06f0700c9d7a42.js"> in "/en/main-en/index.html" can't be bundled without type="module" attribute
<script src="../../assets/7e3de736123435c2.js"> in "/en/main-en/index.html" can't be bundled without type="module" attribute
<script src="../../assets/8a798fb721748958.js"> in "/en/main-en/index.html" can't be bundled without type="module" attribute
<script src="../../assets/5874937afb3bc70d.js"> in "/en/main-en/index.html" can't be bundled without type="module" attribute
<script src="../../assets/da6631c82f7fad03.js"> in "/en/main-en/index.html" can't be bundled without type="module" attribute
<script src="../../assets/156d7dd754dcb727.js"> in "/en/main-en/index.html" can't be bundled without type="module" attribute
<script src="../../assets/90d0d61ef2925906.js"> in "/en/main-en/index.html" can't be bundled without type="module" attribute
<script src="../../assets/9bb8c96855dec7ac.js"> in "/en/main-en/index.html" can't be bundled without type="module" attribute
<script src="../../assets/6a8736b1b7962078.js"> in "/en/main-en/index.html" can't be bundled without type="module" attribute
<script src="../../assets/3dd20d64a066cb60.js"> in "/en/main-en/index.html" can't be bundled without type="module" attribute
<script src="../../assets/e739291c7c90e9b9.js"> in "/en/main-en/index.html" can't be bundled without type="module" attribute
<script src="../../assets/c7ee91929432219e.js"> in "/en/main-en/index.html" can't be bundled without type="module" attribute
<script src="../../assets/937b6423a8e5fa4c.js"> in "/en/main-en/index.html" can't be bundled without type="module" attribute
<script src="../../assets/690fefe3bb7bcec1.js"> in "/en/main-en/index.html" can't be bundled without type="module" attribute
<script src="../../assets/c904812592b57d77.js"> in "/en/main-en/index.html" can't be bundled without type="module" attribute
<script src="../../assets/2cce7a8dc6688c63.js"> in "/en/main-en/index.html" can't be bundled without type="module" attribute
<script src="../../assets/24d6174a8a42b77a.js"> in "/en/main-en/index.html" can't be bundled without type="module" attribute
<script src="../../assets/e059c380a161e2c6.js"> in "/en/main-en/index.html" can't be bundled without type="module" attribute
<script src="../../assets/bb97ca172ad2b90c.js"> in "/en/main-en/index.html" can't be bundled without type="module" attribute
<script src="../../assets/dd5212372d7a80d8.js"> in "/en/main-en/index.html" can't be bundled without type="module" attribute
<script src="../../assets/2b17e216cf958765.js"> in "/en/main-en/index.html" can't be bundled without type="module" attribute
<script src="../../../assets/a53ee07344cf32a6.js"> in "/en/category/article-en/index.html" can't be bundled without type="module" attribute
<script src="../../../assets/99639afb6ee03f04.js"> in "/en/category/article-en/index.html" can't be bundled without type="module" attribute
<script src="../../../assets/ca880558cce5dc88.js"> in "/en/category/article-en/index.html" can't be bundled without type="module" attribute
<script src="../../../assets/55469b3c631d4d32.js"> in "/en/category/article-en/index.html" can't be bundled without type="module" attribute
<script src="../../../assets/2e02f5f91f6b8e64.js"> in "/en/category/article-en/index.html" can't be bundled without type="module" attribute
<script src="../../../assets/bcad9300fedd7db2.js"> in "/en/category/article-en/index.html" can't be bundled without type="module" attribute
<script src="../../../assets/bf82fd90270837d3.js"> in "/en/category/article-en/index.html" can't be bundled without type="module" attribute
<script src="../../../assets/bad4a29eb3124cf5.js"> in "/en/category/article-en/index.html" can't be bundled without type="module" attribute
<script src="../../../assets/0365a5635b8e7559.js"> in "/en/category/article-en/index.html" can't be bundled without type="module" attribute
<script src="../../../assets/d60915f0ef1e21b9.js"> in "/en/category/article-en/index.html" can't be bundled without type="module" attribute
<script src="../../../assets/9d54adfc59f57bea.js"> in "/en/category/article-en/index.html" can't be bundled without type="module" attribute
<script src="../../../assets/83f9f45d6ede8aaa.js"> in "/en/category/article-en/index.html" can't be bundled without type="module" attribute
<script src="../../../assets/1703e583ae363da8.js"> in "/en/category/article-en/index.html" can't be bundled without type="module" attribute
<script src="../../../assets/50e89fe36d98ff31.js"> in "/en/category/article-en/index.html" can't be bundled without type="module" attribute
<script src="../../../assets/92d05634f55f0be5.js"> in "/en/category/article-en/index.html" can't be bundled without type="module" attribute
<script src="../../../assets/5b11bba72b1a1f92.js"> in "/en/category/article-en/index.html" can't be bundled without type="module" attribute
<script src="../../../assets/64eb21a4171d81f7.js"> in "/en/category/article-en/index.html" can't be bundled without type="module" attribute
<script src="../../../assets/505d47d3a687c3cc.js"> in "/en/category/article-en/index.html" can't be bundled without type="module" attribute
<script src="../../../assets/5397b0395be1dae8.js"> in "/en/category/article-en/index.html" can't be bundled without type="module" attribute
<script src="../../../assets/766e87542957a702.js"> in "/en/category/article-en/index.html" can't be bundled without type="module" attribute
<script src="../../../assets/ed53365e72647420.js"> in "/en/category/article-en/index.html" can't be bundled without type="module" attribute
<script src="../../../assets/fd280861f0753328.js"> in "/en/category/article-en/index.html" can't be bundled without type="module" attribute
<script src="../../../assets/182b9cb972fc25c9.js"> in "/en/category/article-en/index.html" can't be bundled without type="module" attribute
<script src="../../../assets/d7b10a830601fe42.js"> in "/en/category/article-en/index.html" can't be bundled without type="module" attribute
<script src="../../../assets/2df357f58fa1fdf7.js"> in "/en/category/article-en/index.html" can't be bundled without type="module" attribute
<script src="../../../assets/ae42e6aec6acf2ed.js"> in "/en/category/article-en/index.html" can't be bundled without type="module" attribute
<script src="../../../assets/e19240cb400f9e4d.js"> in "/en/category/article-en/index.html" can't be bundled without type="module" attribute
<script src="../../../assets/07820aad36baaa61.js"> in "/en/category/article-en/index.html" can't be bundled without type="module" attribute
<script src="../../../assets/57440b8dfd57447b.js"> in "/en/category/article-en/index.html" can't be bundled without type="module" attribute
<script src="../../../assets/5a64d3dd8e996bbf.js"> in "/en/category/article-en/index.html" can't be bundled without type="module" attribute
<script src="../../../assets/4a639e556d40b181.js"> in "/en/category/article-en/index.html" can't be bundled without type="module" attribute
<script src="../../../assets/c2389a477fc0a023.js"> in "/en/category/article-en/index.html" can't be bundled without type="module" attribute
<script src="../../../assets/0686e4c80cb5fee2.js"> in "/en/category/article-en/index.html" can't be bundled without type="module" attribute
<script src="../../../assets/9a4c508abbd64ae0.js"> in "/en/category/article-en/index.html" can't be bundled without type="module" attribute
<script src="../../../assets/eb65e0e4eb5fab41.js"> in "/en/category/article-en/index.html" can't be bundled without type="module" attribute
<script src="../../../assets/f530cb4d303e024a.js"> in "/en/category/article-en/index.html" can't be bundled without type="module" attribute
<script src="../../../assets/850c215a17fff2d1.js"> in "/en/category/article-en/index.html" can't be bundled without type="module" attribute
<script src="../../../assets/86bd654fa1c4efc3.js"> in "/en/category/article-en/index.html" can't be bundled without type="module" attribute
<script src="../../../assets/a086fd127e60d729.js"> in "/en/category/article-en/index.html" can't be bundled without type="module" attribute
<script src="../../../assets/c45b5057d0e78c09.js"> in "/en/category/article-en/index.html" can't be bundled without type="module" attribute
<script src="../../../assets/a798b8518a1e5aab.js"> in "/en/category/article-en/index.html" can't be bundled without type="module" attribute
<script src="../../../assets/9a564e01842af8d2.js"> in "/en/category/article-en/index.html" can't be bundled without type="module" attribute
<script src="../../../assets/ee06f0700c9d7a42.js"> in "/en/category/article-en/index.html" can't be bundled without type="module" attribute
<script src="../../../assets/7e3de736123435c2.js"> in "/en/category/article-en/index.html" can't be bundled without type="module" attribute
<script src="../../../assets/8a798fb721748958.js"> in "/en/category/article-en/index.html" can't be bundled without type="module" attribute
<script src="../../../assets/9bb8c96855dec7ac.js"> in "/en/category/article-en/index.html" can't be bundled without type="module" attribute
<script src="../../../assets/6a8736b1b7962078.js"> in "/en/category/article-en/index.html" can't be bundled without type="module" attribute
<script src="../../../assets/3dd20d64a066cb60.js"> in "/en/category/article-en/index.html" can't be bundled without type="module" attribute
<script src="../../../assets/e739291c7c90e9b9.js"> in "/en/category/article-en/index.html" can't be bundled without type="module" attribute
<script src="../../../assets/c7ee91929432219e.js"> in "/en/category/article-en/index.html" can't be bundled without type="module" attribute
<script src="../../../assets/937b6423a8e5fa4c.js"> in "/en/category/article-en/index.html" can't be bundled without type="module" attribute
<script src="../../../assets/690fefe3bb7bcec1.js"> in "/en/category/article-en/index.html" can't be bundled without type="module" attribute
<script src="../../../assets/c904812592b57d77.js"> in "/en/category/article-en/index.html" can't be bundled without type="module" attribute
<script src="../../../assets/2cce7a8dc6688c63.js"> in "/en/category/article-en/index.html" can't be bundled without type="module" attribute
<script src="../../../assets/24d6174a8a42b77a.js"> in "/en/category/article-en/index.html" can't be bundled without type="module" attribute
<script src="../../../assets/e059c380a161e2c6.js"> in "/en/category/article-en/index.html" can't be bundled without type="module" attribute
<script src="../../../assets/bb97ca172ad2b90c.js"> in "/en/category/article-en/index.html" can't be bundled without type="module" attribute
<script src="../../../assets/dd5212372d7a80d8.js"> in "/en/category/article-en/index.html" can't be bundled without type="module" attribute
<script src="../../../assets/2b17e216cf958765.js"> in "/en/category/article-en/index.html" can't be bundled without type="module" attribute
<script src="../../assets/a53ee07344cf32a6.js"> in "/en/faq-en/index.html" can't be bundled without type="module" attribute
<script src="../../assets/99639afb6ee03f04.js"> in "/en/faq-en/index.html" can't be bundled without type="module" attribute
<script src="../../assets/ca880558cce5dc88.js"> in "/en/faq-en/index.html" can't be bundled without type="module" attribute
<script src="../../assets/55469b3c631d4d32.js"> in "/en/faq-en/index.html" can't be bundled without type="module" attribute
<script src="../../assets/2e02f5f91f6b8e64.js"> in "/en/faq-en/index.html" can't be bundled without type="module" attribute
<script src="../../assets/bcad9300fedd7db2.js"> in "/en/faq-en/index.html" can't be bundled without type="module" attribute
<script src="../../assets/bf82fd90270837d3.js"> in "/en/faq-en/index.html" can't be bundled without type="module" attribute
<script src="../../assets/bad4a29eb3124cf5.js"> in "/en/faq-en/index.html" can't be bundled without type="module" attribute
<script src="../../assets/0365a5635b8e7559.js"> in "/en/faq-en/index.html" can't be bundled without type="module" attribute
<script src="../../assets/d60915f0ef1e21b9.js"> in "/en/faq-en/index.html" can't be bundled without type="module" attribute
<script src="../../assets/9d54adfc59f57bea.js"> in "/en/faq-en/index.html" can't be bundled without type="module" attribute
<script src="../../assets/83f9f45d6ede8aaa.js"> in "/en/faq-en/index.html" can't be bundled without type="module" attribute
<script src="../../assets/1703e583ae363da8.js"> in "/en/faq-en/index.html" can't be bundled without type="module" attribute
<script src="../../assets/50e89fe36d98ff31.js"> in "/en/faq-en/index.html" can't be bundled without type="module" attribute
<script src="../../assets/92d05634f55f0be5.js"> in "/en/faq-en/index.html" can't be bundled without type="module" attribute
<script src="../../assets/5b11bba72b1a1f92.js"> in "/en/faq-en/index.html" can't be bundled without type="module" attribute
<script src="../../assets/64eb21a4171d81f7.js"> in "/en/faq-en/index.html" can't be bundled without type="module" attribute
<script src="../../assets/505d47d3a687c3cc.js"> in "/en/faq-en/index.html" can't be bundled without type="module" attribute
<script src="../../assets/5397b0395be1dae8.js"> in "/en/faq-en/index.html" can't be bundled without type="module" attribute
<script src="../../assets/766e87542957a702.js"> in "/en/faq-en/index.html" can't be bundled without type="module" attribute
<script src="../../assets/ed53365e72647420.js"> in "/en/faq-en/index.html" can't be bundled without type="module" attribute
<script src="../../assets/fd280861f0753328.js"> in "/en/faq-en/index.html" can't be bundled without type="module" attribute
<script src="../../assets/182b9cb972fc25c9.js"> in "/en/faq-en/index.html" can't be bundled without type="module" attribute
<script src="../../assets/d7b10a830601fe42.js"> in "/en/faq-en/index.html" can't be bundled without type="module" attribute
<script src="../../assets/a086fd127e60d729.js"> in "/en/faq-en/index.html" can't be bundled without type="module" attribute
<script src="../../assets/c45b5057d0e78c09.js"> in "/en/faq-en/index.html" can't be bundled without type="module" attribute
<script src="../../assets/a798b8518a1e5aab.js"> in "/en/faq-en/index.html" can't be bundled without type="module" attribute
<script src="../../assets/a4b0ddc0b49b0e13.js"> in "/en/faq-en/index.html" can't be bundled without type="module" attribute
<script src="../../assets/2df357f58fa1fdf7.js"> in "/en/faq-en/index.html" can't be bundled without type="module" attribute
<script src="../../assets/ae42e6aec6acf2ed.js"> in "/en/faq-en/index.html" can't be bundled without type="module" attribute
<script src="../../assets/e19240cb400f9e4d.js"> in "/en/faq-en/index.html" can't be bundled without type="module" attribute
<script src="../../assets/07820aad36baaa61.js"> in "/en/faq-en/index.html" can't be bundled without type="module" attribute
<script src="../../assets/57440b8dfd57447b.js"> in "/en/faq-en/index.html" can't be bundled without type="module" attribute
<script src="../../assets/5a64d3dd8e996bbf.js"> in "/en/faq-en/index.html" can't be bundled without type="module" attribute
<script src="../../assets/4a639e556d40b181.js"> in "/en/faq-en/index.html" can't be bundled without type="module" attribute
<script src="../../assets/c2389a477fc0a023.js"> in "/en/faq-en/index.html" can't be bundled without type="module" attribute
<script src="../../assets/0686e4c80cb5fee2.js"> in "/en/faq-en/index.html" can't be bundled without type="module" attribute
<script src="../../assets/9a4c508abbd64ae0.js"> in "/en/faq-en/index.html" can't be bundled without type="module" attribute
<script src="../../assets/eb65e0e4eb5fab41.js"> in "/en/faq-en/index.html" can't be bundled without type="module" attribute
<script src="../../assets/f530cb4d303e024a.js"> in "/en/faq-en/index.html" can't be bundled without type="module" attribute
<script src="../../assets/850c215a17fff2d1.js"> in "/en/faq-en/index.html" can't be bundled without type="module" attribute
<script src="../../assets/86bd654fa1c4efc3.js"> in "/en/faq-en/index.html" can't be bundled without type="module" attribute
<script src="../../assets/9a564e01842af8d2.js"> in "/en/faq-en/index.html" can't be bundled without type="module" attribute
<script src="../../assets/ee06f0700c9d7a42.js"> in "/en/faq-en/index.html" can't be bundled without type="module" attribute
<script src="../../assets/7e3de736123435c2.js"> in "/en/faq-en/index.html" can't be bundled without type="module" attribute
<script src="../../assets/8a798fb721748958.js"> in "/en/faq-en/index.html" can't be bundled without type="module" attribute
<script src="../../assets/a5813d9c9c96cf98.js"> in "/en/faq-en/index.html" can't be bundled without type="module" attribute
<script src="../../assets/9bb8c96855dec7ac.js"> in "/en/faq-en/index.html" can't be bundled without type="module" attribute
<script src="../../assets/6a8736b1b7962078.js"> in "/en/faq-en/index.html" can't be bundled without type="module" attribute
<script src="../../assets/3dd20d64a066cb60.js"> in "/en/faq-en/index.html" can't be bundled without type="module" attribute
<script src="../../assets/e739291c7c90e9b9.js"> in "/en/faq-en/index.html" can't be bundled without type="module" attribute
<script src="../../assets/c7ee91929432219e.js"> in "/en/faq-en/index.html" can't be bundled without type="module" attribute
<script src="../../assets/937b6423a8e5fa4c.js"> in "/en/faq-en/index.html" can't be bundled without type="module" attribute
<script src="../../assets/690fefe3bb7bcec1.js"> in "/en/faq-en/index.html" can't be bundled without type="module" attribute
<script src="../../assets/c904812592b57d77.js"> in "/en/faq-en/index.html" can't be bundled without type="module" attribute
<script src="../../assets/2cce7a8dc6688c63.js"> in "/en/faq-en/index.html" can't be bundled without type="module" attribute
<script src="../../assets/24d6174a8a42b77a.js"> in "/en/faq-en/index.html" can't be bundled without type="module" attribute
<script src="../../assets/e059c380a161e2c6.js"> in "/en/faq-en/index.html" can't be bundled without type="module" attribute
<script src="../../assets/bb97ca172ad2b90c.js"> in "/en/faq-en/index.html" can't be bundled without type="module" attribute
<script src="../../assets/dd5212372d7a80d8.js"> in "/en/faq-en/index.html" can't be bundled without type="module" attribute
<script src="../../assets/2b17e216cf958765.js"> in "/en/faq-en/index.html" can't be bundled without type="module" attribute
transforming...
<script src="../../assets/a53ee07344cf32a6.js"> in "/en/underlying-assets-en/index.html" can't be bundled without type="module" attribute
<script src="../../assets/99639afb6ee03f04.js"> in "/en/underlying-assets-en/index.html" can't be bundled without type="module" attribute
<script src="../../assets/ca880558cce5dc88.js"> in "/en/underlying-assets-en/index.html" can't be bundled without type="module" attribute
<script src="../../assets/55469b3c631d4d32.js"> in "/en/underlying-assets-en/index.html" can't be bundled without type="module" attribute
<script src="../../assets/2e02f5f91f6b8e64.js"> in "/en/underlying-assets-en/index.html" can't be bundled without type="module" attribute
<script src="../../assets/bcad9300fedd7db2.js"> in "/en/underlying-assets-en/index.html" can't be bundled without type="module" attribute
<script src="../../assets/bf82fd90270837d3.js"> in "/en/underlying-assets-en/index.html" can't be bundled without type="module" attribute
<script src="../../assets/bad4a29eb3124cf5.js"> in "/en/underlying-assets-en/index.html" can't be bundled without type="module" attribute
<script src="../../assets/0365a5635b8e7559.js"> in "/en/underlying-assets-en/index.html" can't be bundled without type="module" attribute
<script src="../../assets/d60915f0ef1e21b9.js"> in "/en/underlying-assets-en/index.html" can't be bundled without type="module" attribute
<script src="../../assets/9d54adfc59f57bea.js"> in "/en/underlying-assets-en/index.html" can't be bundled without type="module" attribute
<script src="../../assets/83f9f45d6ede8aaa.js"> in "/en/underlying-assets-en/index.html" can't be bundled without type="module" attribute
<script src="../../assets/1703e583ae363da8.js"> in "/en/underlying-assets-en/index.html" can't be bundled without type="module" attribute
<script src="../../assets/50e89fe36d98ff31.js"> in "/en/underlying-assets-en/index.html" can't be bundled without type="module" attribute
<script src="../../assets/92d05634f55f0be5.js"> in "/en/underlying-assets-en/index.html" can't be bundled without type="module" attribute
<script src="../../assets/5b11bba72b1a1f92.js"> in "/en/underlying-assets-en/index.html" can't be bundled without type="module" attribute
<script src="../../assets/64eb21a4171d81f7.js"> in "/en/underlying-assets-en/index.html" can't be bundled without type="module" attribute
<script src="../../assets/505d47d3a687c3cc.js"> in "/en/underlying-assets-en/index.html" can't be bundled without type="module" attribute
<script src="../../assets/5397b0395be1dae8.js"> in "/en/underlying-assets-en/index.html" can't be bundled without type="module" attribute
<script src="../../assets/766e87542957a702.js"> in "/en/underlying-assets-en/index.html" can't be bundled without type="module" attribute
<script src="../../assets/ed53365e72647420.js"> in "/en/underlying-assets-en/index.html" can't be bundled without type="module" attribute
<script src="../../assets/fd280861f0753328.js"> in "/en/underlying-assets-en/index.html" can't be bundled without type="module" attribute
<script src="../../assets/182b9cb972fc25c9.js"> in "/en/underlying-assets-en/index.html" can't be bundled without type="module" attribute
<script src="../../assets/d7b10a830601fe42.js"> in "/en/underlying-assets-en/index.html" can't be bundled without type="module" attribute
<script src="../../assets/a086fd127e60d729.js"> in "/en/underlying-assets-en/index.html" can't be bundled without type="module" attribute
<script src="../../assets/c45b5057d0e78c09.js"> in "/en/underlying-assets-en/index.html" can't be bundled without type="module" attribute
<script src="../../assets/a798b8518a1e5aab.js"> in "/en/underlying-assets-en/index.html" can't be bundled without type="module" attribute
<script src="../../assets/2df357f58fa1fdf7.js"> in "/en/underlying-assets-en/index.html" can't be bundled without type="module" attribute
<script src="../../assets/ae42e6aec6acf2ed.js"> in "/en/underlying-assets-en/index.html" can't be bundled without type="module" attribute
<script src="../../assets/e19240cb400f9e4d.js"> in "/en/underlying-assets-en/index.html" can't be bundled without type="module" attribute
<script src="../../assets/07820aad36baaa61.js"> in "/en/underlying-assets-en/index.html" can't be bundled without type="module" attribute
<script src="../../assets/57440b8dfd57447b.js"> in "/en/underlying-assets-en/index.html" can't be bundled without type="module" attribute
<script src="../../assets/5a64d3dd8e996bbf.js"> in "/en/underlying-assets-en/index.html" can't be bundled without type="module" attribute
<script src="../../assets/4a639e556d40b181.js"> in "/en/underlying-assets-en/index.html" can't be bundled without type="module" attribute
<script src="../../assets/c2389a477fc0a023.js"> in "/en/underlying-assets-en/index.html" can't be bundled without type="module" attribute
<script src="../../assets/0686e4c80cb5fee2.js"> in "/en/underlying-assets-en/index.html" can't be bundled without type="module" attribute
<script src="../../assets/9a4c508abbd64ae0.js"> in "/en/underlying-assets-en/index.html" can't be bundled without type="module" attribute
<script src="../../assets/eb65e0e4eb5fab41.js"> in "/en/underlying-assets-en/index.html" can't be bundled without type="module" attribute
<script src="../../assets/f530cb4d303e024a.js"> in "/en/underlying-assets-en/index.html" can't be bundled without type="module" attribute
<script src="../../assets/850c215a17fff2d1.js"> in "/en/underlying-assets-en/index.html" can't be bundled without type="module" attribute
<script src="../../assets/86bd654fa1c4efc3.js"> in "/en/underlying-assets-en/index.html" can't be bundled without type="module" attribute
<script src="../../assets/9a564e01842af8d2.js"> in "/en/underlying-assets-en/index.html" can't be bundled without type="module" attribute
<script src="../../assets/ee06f0700c9d7a42.js"> in "/en/underlying-assets-en/index.html" can't be bundled without type="module" attribute
<script src="../../assets/7e3de736123435c2.js"> in "/en/underlying-assets-en/index.html" can't be bundled without type="module" attribute
<script src="../../assets/8a798fb721748958.js"> in "/en/underlying-assets-en/index.html" can't be bundled without type="module" attribute
<script src="../../assets/b86872682d13c130.js"> in "/en/underlying-assets-en/index.html" can't be bundled without type="module" attribute
<script src="../../assets/98e785e06ecb4f03.js"> in "/en/underlying-assets-en/index.html" can't be bundled without type="module" attribute
<script src="../../assets/9bb8c96855dec7ac.js"> in "/en/underlying-assets-en/index.html" can't be bundled without type="module" attribute
<script src="../../assets/6a8736b1b7962078.js"> in "/en/underlying-assets-en/index.html" can't be bundled without type="module" attribute
<script src="../../assets/3dd20d64a066cb60.js"> in "/en/underlying-assets-en/index.html" can't be bundled without type="module" attribute
<script src="../../assets/e739291c7c90e9b9.js"> in "/en/underlying-assets-en/index.html" can't be bundled without type="module" attribute
<script src="../../assets/c7ee91929432219e.js"> in "/en/underlying-assets-en/index.html" can't be bundled without type="module" attribute
<script src="../../assets/937b6423a8e5fa4c.js"> in "/en/underlying-assets-en/index.html" can't be bundled without type="module" attribute
<script src="../../assets/690fefe3bb7bcec1.js"> in "/en/underlying-assets-en/index.html" can't be bundled without type="module" attribute
<script src="../../assets/c904812592b57d77.js"> in "/en/underlying-assets-en/index.html" can't be bundled without type="module" attribute
<script src="../../assets/2cce7a8dc6688c63.js"> in "/en/underlying-assets-en/index.html" can't be bundled without type="module" attribute
<script src="../../assets/24d6174a8a42b77a.js"> in "/en/underlying-assets-en/index.html" can't be bundled without type="module" attribute
<script src="../../assets/e059c380a161e2c6.js"> in "/en/underlying-assets-en/index.html" can't be bundled without type="module" attribute
<script src="../../assets/bb97ca172ad2b90c.js"> in "/en/underlying-assets-en/index.html" can't be bundled without type="module" attribute
<script src="../../assets/dd5212372d7a80d8.js"> in "/en/underlying-assets-en/index.html" can't be bundled without type="module" attribute
<script src="../../assets/2b17e216cf958765.js"> in "/en/underlying-assets-en/index.html" can't be bundled without type="module" attribute
<script src="../../assets/a53ee07344cf32a6.js"> in "/en/about-us-en/index.html" can't be bundled without type="module" attribute
<script src="../../assets/99639afb6ee03f04.js"> in "/en/about-us-en/index.html" can't be bundled without type="module" attribute
<script src="../../assets/ca880558cce5dc88.js"> in "/en/about-us-en/index.html" can't be bundled without type="module" attribute
<script src="../../assets/55469b3c631d4d32.js"> in "/en/about-us-en/index.html" can't be bundled without type="module" attribute
<script src="../../assets/2e02f5f91f6b8e64.js"> in "/en/about-us-en/index.html" can't be bundled without type="module" attribute
<script src="../../assets/bcad9300fedd7db2.js"> in "/en/about-us-en/index.html" can't be bundled without type="module" attribute
<script src="../../assets/bf82fd90270837d3.js"> in "/en/about-us-en/index.html" can't be bundled without type="module" attribute
<script src="../../assets/bad4a29eb3124cf5.js"> in "/en/about-us-en/index.html" can't be bundled without type="module" attribute
<script src="../../assets/0365a5635b8e7559.js"> in "/en/about-us-en/index.html" can't be bundled without type="module" attribute
<script src="../../assets/d60915f0ef1e21b9.js"> in "/en/about-us-en/index.html" can't be bundled without type="module" attribute
<script src="../../assets/9d54adfc59f57bea.js"> in "/en/about-us-en/index.html" can't be bundled without type="module" attribute
<script src="../../assets/83f9f45d6ede8aaa.js"> in "/en/about-us-en/index.html" can't be bundled without type="module" attribute
<script src="../../assets/1703e583ae363da8.js"> in "/en/about-us-en/index.html" can't be bundled without type="module" attribute
<script src="../../assets/50e89fe36d98ff31.js"> in "/en/about-us-en/index.html" can't be bundled without type="module" attribute
<script src="../../assets/92d05634f55f0be5.js"> in "/en/about-us-en/index.html" can't be bundled without type="module" attribute
<script src="../../assets/5b11bba72b1a1f92.js"> in "/en/about-us-en/index.html" can't be bundled without type="module" attribute
<script src="../../assets/64eb21a4171d81f7.js"> in "/en/about-us-en/index.html" can't be bundled without type="module" attribute
<script src="../../assets/505d47d3a687c3cc.js"> in "/en/about-us-en/index.html" can't be bundled without type="module" attribute
<script src="../../assets/5397b0395be1dae8.js"> in "/en/about-us-en/index.html" can't be bundled without type="module" attribute
<script src="../../assets/766e87542957a702.js"> in "/en/about-us-en/index.html" can't be bundled without type="module" attribute
<script src="../../assets/ed53365e72647420.js"> in "/en/about-us-en/index.html" can't be bundled without type="module" attribute
<script src="../../assets/fd280861f0753328.js"> in "/en/about-us-en/index.html" can't be bundled without type="module" attribute
<script src="../../assets/182b9cb972fc25c9.js"> in "/en/about-us-en/index.html" can't be bundled without type="module" attribute
<script src="../../assets/d7b10a830601fe42.js"> in "/en/about-us-en/index.html" can't be bundled without type="module" attribute
<script src="../../assets/a086fd127e60d729.js"> in "/en/about-us-en/index.html" can't be bundled without type="module" attribute
<script src="../../assets/c45b5057d0e78c09.js"> in "/en/about-us-en/index.html" can't be bundled without type="module" attribute
<script src="../../assets/a798b8518a1e5aab.js"> in "/en/about-us-en/index.html" can't be bundled without type="module" attribute
<script src="../../assets/2df357f58fa1fdf7.js"> in "/en/about-us-en/index.html" can't be bundled without type="module" attribute
<script src="../../assets/ae42e6aec6acf2ed.js"> in "/en/about-us-en/index.html" can't be bundled without type="module" attribute
<script src="../../assets/e19240cb400f9e4d.js"> in "/en/about-us-en/index.html" can't be bundled without type="module" attribute
<script src="../../assets/07820aad36baaa61.js"> in "/en/about-us-en/index.html" can't be bundled without type="module" attribute
<script src="../../assets/57440b8dfd57447b.js"> in "/en/about-us-en/index.html" can't be bundled without type="module" attribute
<script src="../../assets/5a64d3dd8e996bbf.js"> in "/en/about-us-en/index.html" can't be bundled without type="module" attribute
<script src="../../assets/4a639e556d40b181.js"> in "/en/about-us-en/index.html" can't be bundled without type="module" attribute
<script src="../../assets/c2389a477fc0a023.js"> in "/en/about-us-en/index.html" can't be bundled without type="module" attribute
<script src="../../assets/0686e4c80cb5fee2.js"> in "/en/about-us-en/index.html" can't be bundled without type="module" attribute
<script src="../../assets/9a4c508abbd64ae0.js"> in "/en/about-us-en/index.html" can't be bundled without type="module" attribute
<script src="../../assets/eb65e0e4eb5fab41.js"> in "/en/about-us-en/index.html" can't be bundled without type="module" attribute
<script src="../../assets/f530cb4d303e024a.js"> in "/en/about-us-en/index.html" can't be bundled without type="module" attribute
<script src="../../assets/850c215a17fff2d1.js"> in "/en/about-us-en/index.html" can't be bundled without type="module" attribute
<script src="../../assets/86bd654fa1c4efc3.js"> in "/en/about-us-en/index.html" can't be bundled without type="module" attribute
<script src="../../assets/9a564e01842af8d2.js"> in "/en/about-us-en/index.html" can't be bundled without type="module" attribute
<script src="../../assets/ee06f0700c9d7a42.js"> in "/en/about-us-en/index.html" can't be bundled without type="module" attribute
<script src="../../assets/7e3de736123435c2.js"> in "/en/about-us-en/index.html" can't be bundled without type="module" attribute
<script src="../../assets/8a798fb721748958.js"> in "/en/about-us-en/index.html" can't be bundled without type="module" attribute
<script src="../../assets/5874937afb3bc70d.js"> in "/en/about-us-en/index.html" can't be bundled without type="module" attribute
<script src="../../assets/da6631c82f7fad03.js"> in "/en/about-us-en/index.html" can't be bundled without type="module" attribute
<script src="../../assets/90d0d61ef2925906.js"> in "/en/about-us-en/index.html" can't be bundled without type="module" attribute
<script src="../../assets/9bb8c96855dec7ac.js"> in "/en/about-us-en/index.html" can't be bundled without type="module" attribute
<script src="../../assets/6a8736b1b7962078.js"> in "/en/about-us-en/index.html" can't be bundled without type="module" attribute
<script src="../../assets/3dd20d64a066cb60.js"> in "/en/about-us-en/index.html" can't be bundled without type="module" attribute
<script src="../../assets/e739291c7c90e9b9.js"> in "/en/about-us-en/index.html" can't be bundled without type="module" attribute
<script src="../../assets/c7ee91929432219e.js"> in "/en/about-us-en/index.html" can't be bundled without type="module" attribute
<script src="../../assets/937b6423a8e5fa4c.js"> in "/en/about-us-en/index.html" can't be bundled without type="module" attribute
<script src="../../assets/690fefe3bb7bcec1.js"> in "/en/about-us-en/index.html" can't be bundled without type="module" attribute
<script src="../../assets/c904812592b57d77.js"> in "/en/about-us-en/index.html" can't be bundled without type="module" attribute
<script src="../../assets/2cce7a8dc6688c63.js"> in "/en/about-us-en/index.html" can't be bundled without type="module" attribute
<script src="../../assets/24d6174a8a42b77a.js"> in "/en/about-us-en/index.html" can't be bundled without type="module" attribute
<script src="../../assets/e059c380a161e2c6.js"> in "/en/about-us-en/index.html" can't be bundled without type="module" attribute
<script src="../../assets/bb97ca172ad2b90c.js"> in "/en/about-us-en/index.html" can't be bundled without type="module" attribute
<script src="../../assets/dd5212372d7a80d8.js"> in "/en/about-us-en/index.html" can't be bundled without type="module" attribute
<script src="../../assets/2b17e216cf958765.js"> in "/en/about-us-en/index.html" can't be bundled without type="module" attribute

./assets/d4018c0878c4838a.jpg referenced in ./assets/d4018c0878c4838a.jpg didn't resolve at build time, it will remain unchanged to be resolved at runtime

./assets/979aa00728b4144d.jpg referenced in ./assets/979aa00728b4144d.jpg didn't resolve at build time, it will remain unchanged to be resolved at runtime

./assets/0086f4be8817ffad.jpg referenced in ./assets/0086f4be8817ffad.jpg didn't resolve at build time, it will remain unchanged to be resolved at runtime

./assets/488d6a3e0b1ca81d.jpg referenced in ./assets/488d6a3e0b1ca81d.jpg didn't resolve at build time, it will remain unchanged to be resolved at runtime

../assets/d4018c0878c4838a.jpg referenced in ../assets/d4018c0878c4838a.jpg didn't resolve at build time, it will remain unchanged to be resolved at runtime

../assets/979aa00728b4144d.jpg referenced in ../assets/979aa00728b4144d.jpg didn't resolve at build time, it will remain unchanged to be resolved at runtime

../assets/0086f4be8817ffad.jpg referenced in ../assets/0086f4be8817ffad.jpg didn't resolve at build time, it will remain unchanged to be resolved at runtime

../assets/488d6a3e0b1ca81d.jpg referenced in ../assets/488d6a3e0b1ca81d.jpg didn't resolve at build time, it will remain unchanged to be resolved at runtime

../../assets/d4018c0878c4838a.jpg referenced in ../../assets/d4018c0878c4838a.jpg didn't resolve at build time, it will remain unchanged to be resolved at runtime

../../assets/979aa00728b4144d.jpg referenced in ../../assets/979aa00728b4144d.jpg didn't resolve at build time, it will remain unchanged to be resolved at runtime

../../assets/0086f4be8817ffad.jpg referenced in ../../assets/0086f4be8817ffad.jpg didn't resolve at build time, it will remain unchanged to be resolved at runtime

../../assets/488d6a3e0b1ca81d.jpg referenced in ../../assets/488d6a3e0b1ca81d.jpg didn't resolve at build time, it will remain unchanged to be resolved at runtime
✓ 335 modules transformed.
rendering chunks...
computing gzip size...
dist/en/whitepaper-en/index.html                 225.92 kB │ gzip:  37.04 kB
dist/en/category/article-en/index.html           230.30 kB │ gzip:  36.82 kB
dist/en/underlying-assets-en/index.html          233.79 kB │ gzip:  36.63 kB
dist/whitepaper/index.html                       235.10 kB │ gzip:  39.65 kB
dist/category/article/index.html                 236.81 kB │ gzip:  38.74 kB
dist/en/faq-en/index.html                        237.36 kB │ gzip:  38.19 kB
dist/underlying-assets/index.html                238.52 kB │ gzip:  38.47 kB
dist/faq/index.html                              247.85 kB │ gzip:  40.65 kB
dist/en/project-goals-en/index.html              259.51 kB │ gzip:  39.18 kB
dist/en/about-us-en/index.html                   269.24 kB │ gzip:  40.24 kB
dist/about-us/index.html                         273.60 kB │ gzip:  42.13 kB
dist/project-goals/index.html                    289.05 kB │ gzip:  42.25 kB
dist/en/main-en/index.html                       325.31 kB │ gzip:  47.39 kB
dist/index.html                                  344.73 kB │ gzip:  50.99 kB
dist/assets/presentation-BnCYMXbc.css             10.24 kB │ gzip:   2.72 kB
dist/assets/about-us-BHfnZt40.js                   2.71 kB │ gzip:   1.30 kB
dist/assets/category_article-BHfnZt40.js           2.71 kB │ gzip:   1.30 kB
dist/assets/en_about-us-en-BHfnZt40.js             2.71 kB │ gzip:   1.30 kB
dist/assets/en_category_article-en-BHfnZt40.js     2.71 kB │ gzip:   1.30 kB
dist/assets/en_faq-en-BHfnZt40.js                  2.71 kB │ gzip:   1.30 kB
dist/assets/en_main-en-BHfnZt40.js                 2.71 kB │ gzip:   1.30 kB
dist/assets/en_project-goals-en-BHfnZt40.js        2.71 kB │ gzip:   1.30 kB
dist/assets/en_underlying-assets-en-BHfnZt40.js    2.71 kB │ gzip:   1.30 kB
dist/assets/en_whitepaper-en-BHfnZt40.js           2.71 kB │ gzip:   1.30 kB
dist/assets/faq-BHfnZt40.js                        2.71 kB │ gzip:   1.30 kB
dist/assets/home-BHfnZt40.js                       2.71 kB │ gzip:   1.30 kB
dist/assets/project-goals-BHfnZt40.js              2.71 kB │ gzip:   1.30 kB
dist/assets/underlying-assets-BHfnZt40.js          2.71 kB │ gzip:   1.30 kB
dist/assets/whitepaper-BHfnZt40.js                 2.71 kB │ gzip:   1.30 kB
dist/assets/presentation-CzjOKMNN.js             826.47 kB │ gzip: 239.13 kB

(!) Some chunks are larger than 500 kB after minification. Consider:
- Using dynamic import() to code-split the application
- Use build.rollupOptions.output.manualChunks to improve chunking: https://rollupjs.org/configuration-options/#output-manualchunks
- Adjust chunk size limit for this warning via build.chunkSizeWarningLimit.
✓ built in 4.84s
